Workbook

Sheet Painel de Vagas BCK 18MAI
A1: COD | B1: VAGAS | C1: DATA DE ABERTURA DA VAGA | D1: DIAS ABERTA | E1: CRITICIDADE | F1: SERVIÇO | G1: RECRUTADOR | H1: STATUS RECRUTADOR | I1: STATUS GERAL | J1: CARGO | K1: SUPERVISÃO | L1: CLIENTE | M1: LOCALIDADE | N1: TURNO | O1: ESCALA | P1: JORNADA | Q1: COMENTÁRIOS RECRUTADOR | R1: FONTE DE CAPTAÇÃO | S1: TELFONE | T1: RESPONSÁVEL | U1: DATA DE RECEBIMENTO | V1: NOME DO CANDIDATO | W1: STATUS DOCUMENTAÇÃO | X1: INTEGRAÇÃO | Y1: ADMISSÃO | Z1: RE | AA1: COMENTÁRIOS E OBSERVAÇÕES | AB1: DESISTÊNCIAS
A2: 28789 | B2: 1 | C2: 46048 | D2: =TODAY()-C2 -> 179 | E2: =IF(W2="ADMITIDO","ADMITIDO",IF(W2="CANCELADA","CANCELADA",IF(H2="","",IF(H2="ADMITIDO","ADMITIDO",IF(H2="CANCELADA","CANCELADA",IF(OR(H2="ANALISE CANCELAMENTO",H2="ANÁLISE CANCELAMENTO"),"EM ANÁLISE",IF(D2="","",IF(D2<=7,"NO PRAZO",IF(D2<=14,"ATENÇÃO","CRÍTICO"))))))))) -> ADMITIDO | F2: SEGURANÇA | G2: ELONY | H2: =W2 -> ADMITIDO | I2: =IF(W2="ADMITIDO","ADMITIDO",IF(W2="CANCELADA","CANCELADA",IF(H2="","",IFERROR(_xlfn.XLOOKUP(H2,Listas!I:I,Listas!J:J),"OUTROS")))) -> ADMITIDO | J2: VIGIA 6 | K2: MARCELO RODRIGUES CARUNCHO CARNAVAL | L2: CAMPINAS3 - RESERVA TECNICA - SEGURANCA | M2: RESERVAS | N2: DIURNO | O2: 12X36 | P2: 12H - 06:00 - 18:00 C/ 1H INTERV | Q2: Vaga da Bruna / Houveram 2 desistências - passada Elony dia 20/04 | T2: ANA | U2: 46142 | V2: WAGNER BENEDITO DA SILVA | W2: ADMITIDO | X2: 46150 | Y2: 46151 | Z2: 914242 | AA2: Candidato - JULIO CEZAR DE OLIVEIRA CAMISA desistiu no dia 28/04 | AB2: 0
A3: 28991 | B3: 1 | C3: 46063 | D3: =TODAY()-C3 -> 164 | E3: =IF(W3="ADMITIDO","ADMITIDO",IF(W3="CANCELADA","CANCELADA",IF(H3="","",IF(H3="ADMITIDO","ADMITIDO",IF(H3="CANCELADA","CANCELADA",IF(OR(H3="ANALISE CANCELAMENTO",H3="ANÁLISE CANCELAMENTO"),"EM ANÁLISE",IF(D3="","",IF(D3<=7,"NO PRAZO",IF(D3<=14,"ATENÇÃO","CRÍTICO"))))))))) -> ADMITIDO | F3: FACILITIES | G3: FREITAS | H3: =W3 -> ADMITIDO | I3: =IF(W3="ADMITIDO","ADMITIDO",IF(W3="CANCELADA","CANCELADA",IF(H3="","",IFERROR(_xlfn.XLOOKUP(H3,Listas!I:I,Listas!J:J),"OUTROS")))) -> ADMITIDO | J3: AUXILIAR DE SERVIÇOS GERAIS | K3: KELLY ROBERTA FRATUCCI | L3: PROMAX BARDAHL | M3: CAJAMAR | N3: DIURNO | O3: 5X2 FOLGA SÁB/DOM/FER | P3: 09:48H - 06:00 - 15:48 C/ 1H INTERV | T3: ROSI | U3: 46126 | V3: Paulo Henrique | W3: ADMITIDO | X3: 46134 | Y3: 46135 | Z3: 914145 | AB3: 0
A4: 29028 | B4: 1 | C4: 46065 | D4: =TODAY()-C4 -> 162 | E4: =IF(W4="ADMITIDO","ADMITIDO",IF(W4="CANCELADA","CANCELADA",IF(H4="","",IF(H4="ADMITIDO","ADMITIDO",IF(H4="CANCELADA","CANCELADA",IF(OR(H4="ANALISE CANCELAMENTO",H4="ANÁLISE CANCELAMENTO"),"EM ANÁLISE",IF(D4="","",IF(D4<=7,"NO PRAZO",IF(D4<=14,"ATENÇÃO","CRÍTICO"))))))))) -> CANCELADA | F4: FACILITIES | G4: ELONY | H4: CANCELADA | I4: =IF(W4="ADMITIDO","ADMITIDO",IF(W4="CANCELADA","CANCELADA",IF(H4="","",IFERROR(_xlfn.XLOOKUP(H4,Listas!I:I,Listas!J:J),"OUTROS")))) -> CANCELADA | J4: AUXILIAR DE LIMPEZA | K4: ELIANA MARIA MOREIRA BRANSANI | L4: CAMPINAS5 - RESERVA TECNICA - FACILITIES | M4: RESERVAS | N4: NOTURNO | O4: 6X1 FOLGA DOM/FER | P4: 08:20H - 22:00 - 06:20 C/ 1H INTERV | Q4: Enviado email 20/04 - Eliana para confirmar cancelamento, confirmado cancelamento email 22/04 | W4: CANCELADA | AB4: 0
A5: 29493 | B5: 1 | C5: 46104 | D5: =TODAY()-C5 -> 123 | E5: =IF(W5="ADMITIDO","ADMITIDO",IF(W5="CANCELADA","CANCELADA",IF(H5="","",IF(H5="ADMITIDO","ADMITIDO",IF(H5="CANCELADA","CANCELADA",IF(OR(H5="ANALISE CANCELAMENTO",H5="ANÁLISE CANCELAMENTO"),"EM ANÁLISE",IF(D5="","",IF(D5<=7,"NO PRAZO",IF(D5<=14,"ATENÇÃO","CRÍTICO"))))))))) -> ADMITIDO | F5: FACILITIES | G5: NATHALYA | H5: ADMITIDO | I5: =IF(W5="ADMITIDO","ADMITIDO",IF(W5="CANCELADA","CANCELADA",IF(H5="","",IFERROR(_xlfn.XLOOKUP(H5,Listas!I:I,Listas!J:J),"OUTROS")))) -> ADMITIDO | J5: AUXILIAR DE LIMPEZA | K5: MAIARA RODRIGUES DE ANDRADE COSTA | L5: THE ONE OFFICE | M5: JUNDIAÍ | N5: DIURNO | O5: 6X1 FOLGA DOM/FER | P5: 09H - 12:00-21:00 C/ INT SEG-SEX/04H SAB | R5: WHATSAPP | S5: 11 97375-0776 | T5: PATRICIA | U5: 46134 | V5: RAISSA APARECIDA JESUS | W5: ADMITIDO | X5: 46146 | Y5: 46147 | Z5: 145905 | AB5: 0
A6: 29199 | B6: 1 | C6: 46080 | D6: =TODAY()-C6 -> 147 | E6: =IF(W6="ADMITIDO","ADMITIDO",IF(W6="CANCELADA","CANCELADA",IF(H6="","",IF(H6="ADMITIDO","ADMITIDO",IF(H6="CANCELADA","CANCELADA",IF(OR(H6="ANALISE CANCELAMENTO",H6="ANÁLISE CANCELAMENTO"),"EM ANÁLISE",IF(D6="","",IF(D6<=7,"NO PRAZO",IF(D6<=14,"ATENÇÃO","CRÍTICO"))))))))) -> ADMITIDO | F6: FACILITIES | G6: GIOVANNA | H6: ADMITIDO | I6: =IF(W6="ADMITIDO","ADMITIDO",IF(W6="CANCELADA","CANCELADA",IF(H6="","",IFERROR(_xlfn.XLOOKUP(H6,Listas!I:I,Listas!J:J),"OUTROS")))) -> ADMITIDO | J6: AUXILIAR DE LIMPEZA | K6: MIGUEL GIOSA PIVA | L6: FACILITIES2 - RESERVA TECNICA | M6: RESERVAS | N6: DIURNO | O6: 6X1 TROCA SÁB/DOM FOLGA FER | P6: 09H - 07:00-16:00 C/INT SEG- SEX/04H S/D | R6: WHATSAPP | S6: +55 11 95146-6912 | T6: PATRICIA | U6: 46134 | V6: SARA PASSOS GARCIA | W6: ADMITIDO | X6: 46146 | Y6: 46147 | Z6: 145909 | AB6: 0
B7: 1 | C7: 46080 | D7: =TODAY()-C7 -> 147 | E7: =IF(W7="ADMITIDO","ADMITIDO",IF(W7="CANCELADA","CANCELADA",IF(H7="","",IF(H7="ADMITIDO","ADMITIDO",IF(H7="CANCELADA","CANCELADA",IF(OR(H7="ANALISE CANCELAMENTO",H7="ANÁLISE CANCELAMENTO"),"EM ANÁLISE",IF(D7="","",IF(D7<=7,"NO PRAZO",IF(D7<=14,"ATENÇÃO","CRÍTICO"))))))))) -> ADMITIDO | F7: FACILITIES | G7: GIOVANNA | H7: ADMITIDO | I7: =IF(W7="ADMITIDO","ADMITIDO",IF(W7="CANCELADA","CANCELADA",IF(H7="","",IFERROR(_xlfn.XLOOKUP(H7,Listas!I:I,Listas!J:J),"OUTROS")))) -> ADMITIDO | J7: AUXILIAR DE LIMPEZA | K7: MIGUEL GIOSA PIVA | L7: FACILITIES2 - RESERVA TECNICA | M7: RESERVAS | N7: DIURNO | O7: 6X1 TROCA SÁB/DOM FOLGA FER | P7: 09H - 07:00-16:00 C/INT SEG- SEX/04H S/D | R7: WHATSAPP | T7: RITA | U7: 46141 | V7: PATRICIA APARECIDA DE CARVALHO | W7: ADMITIDO | X7: 46147 | Y7: 46148 | Z7: 145918 | AB7: 0
A8: 29200 | B8: 1 | C8: 46080 | D8: =TODAY()-C8 -> 147 | E8: =IF(W8="ADMITIDO","ADMITIDO",IF(W8="CANCELADA","CANCELADA",IF(H8="","",IF(H8="ADMITIDO","ADMITIDO",IF(H8="CANCELADA","CANCELADA",IF(OR(H8="ANALISE CANCELAMENTO",H8="ANÁLISE CANCELAMENTO"),"EM ANÁLISE",IF(D8="","",IF(D8<=7,"NO PRAZO",IF(D8<=14,"ATENÇÃO","CRÍTICO"))))))))) -> ADMITIDO | F8: FACILITIES | G8: GIOVANNA | H8: ADMITIDO | I8: =IF(W8="ADMITIDO","ADMITIDO",IF(W8="CANCELADA","CANCELADA",IF(H8="","",IFERROR(_xlfn.XLOOKUP(H8,Listas!I:I,Listas!J:J),"OUTROS")))) -> ADMITIDO | J8: AUXILIAR DE LIMPEZA | K8: MIGUEL GIOSA PIVA | L8: MAESTRAL COML. | M8: JUNDIAÍ | N8: DIURNO | O8: 5X2 FOLGA SÁB/DOM/FER | P8: 09:48H - 08:00 - 17:48 C/ 1H INTERV | Q8: Desistência de candidatos | R8: PAT JUNDIAI | S8: 11 97390-5487 | T8: PATRICIA | U8: 46149 | V8: MARCOS ALBERTO FERNANDES | W8: ADMITIDO | X8: 46154 | Y8: 46156 | Z8: 145950 | AA8: JOSÉ LUEDSON VIEIRA DA SILVA - Integração foi agendada mas não compareceu e não retornou | AB8: 0
A9: 29288 | B9: 1 | C9: 46086 | D9: =TODAY()-C9 -> 141 | E9: =IF(W9="ADMITIDO","ADMITIDO",IF(W9="CANCELADA","CANCELADA",IF(H9="","",IF(H9="ADMITIDO","ADMITIDO",IF(H9="CANCELADA","CANCELADA",IF(OR(H9="ANALISE CANCELAMENTO",H9="ANÁLISE CANCELAMENTO"),"EM ANÁLISE",IF(D9="","",IF(D9<=7,"NO PRAZO",IF(D9<=14,"ATENÇÃO","CRÍTICO"))))))))) -> ADMITIDO | F9: SEGURANÇA | G9: ELONY | H9: =W9 -> ADMITIDO | I9: =IF(W9="ADMITIDO","ADMITIDO",IF(W9="CANCELADA","CANCELADA",IF(H9="","",IFERROR(_xlfn.XLOOKUP(H9,Listas!I:I,Listas!J:J),"OUTROS")))) -> ADMITIDO | J9: VIGIA 22 | K9: THAIS FERNANDA TOZZI | L9: CANON MEDICAL SYSTEMS DO BRASIL LTDA - CAMPINAS | M9: CAMPINAS | N9: DIURNO | O9: 5X2 FOLGA SÁB/DOM/FER | P9: 10H - 09:00 - 18:00 C/ 1H INTERV | T9: ANA | U9: 46127 | V9: ANA PAULA GONÇALVES TIGRE | W9: ADMITIDO | X9: 46139 | Y9: 46130 | Z9: 914174 | AB9: 0
A10: 29258 | B10: 1 | C10: 46086 | D10: =TODAY()-C10 -> 141 | E10: =IF(W10="ADMITIDO","ADMITIDO",IF(W10="CANCELADA","CANCELADA",IF(H10="","",IF(H10="ADMITIDO","ADMITIDO",IF(H10="CANCELADA","CANCELADA",IF(OR(H10="ANALISE CANCELAMENTO",H10="ANÁLISE CANCELAMENTO"),"EM ANÁLISE",IF(D10="","",IF(D10<=7,"NO PRAZO",IF(D10<=14,"ATENÇÃO","CRÍTICO"))))))))) -> CRÍTICO | F10: FACILITIES | G10: ELONY | H10: TRIAGEM 1 | I10: =IF(W10="ADMITIDO","ADMITIDO",IF(W10="CANCELADA","CANCELADA",IF(H10="","",IFERROR(_xlfn.XLOOKUP(H10,Listas!I:I,Listas!J:J),"OUTROS")))) -> TRIAGEM | J10: AUXILIAR DE LIMPEZA | K10: ELIANA MARIA MOREIRA BRANSANI | L10: NEO RODAS - VINHEDO | M10: VINHEDO | N10: DIURNO | O10: 6X1 FOLGA DOM/FER | P10: 08:20H - 13:40 - 22:00 C/ 1H INTERV | S10: 19 99536 9183 | AB10: 0
A11: 29270 | B11: 1 | C11: 46086 | D11: =TODAY()-C11 -> 141 | E11: =IF(W11="ADMITIDO","ADMITIDO",IF(W11="CANCELADA","CANCELADA",IF(H11="","",IF(H11="ADMITIDO","ADMITIDO",IF(H11="CANCELADA","CANCELADA",IF(OR(H11="ANALISE CANCELAMENTO",H11="ANÁLISE CANCELAMENTO"),"EM ANÁLISE",IF(D11="","",IF(D11<=7,"NO PRAZO",IF(D11<=14,"ATENÇÃO","CRÍTICO"))))))))) -> ADMITIDO | F11: FACILITIES | G11: FREITAS | H11: ADMITIDO | I11: =IF(W11="ADMITIDO","ADMITIDO",IF(W11="CANCELADA","CANCELADA",IF(H11="","",IFERROR(_xlfn.XLOOKUP(H11,Listas!I:I,Listas!J:J),"OUTROS")))) -> ADMITIDO | J11: AUXILIAR DE SERVIÇOS GERAIS | K11: KELLY ROBERTA FRATUCCI | L11: URBAN PACAEMBU | M11: SÃO PAULO | N11: DIURNO | O11: 6X1 FOLGA DOM/FER | P11: 09H - 07:00-16:00 C/INT SEG- SEX/04H SAB | Q11: 27/04 - Cristian não compareceu na integração por 2x | S11: 11960178856 | T11: ROSI | U11: 46140 | V11: RICHARD THIAGO ARNAIS DA SILVA | W11: ADMITIDO | X11: 46148 | Y11: 46148 | Z11: 914215 | AA11: Vai comparecer amanhã (07/05) | AB11: 0
A12: 29345 | B12: 1 | C12: 46091 | D12: =TODAY()-C12 -> 136 | E12: =IF(W12="ADMITIDO","ADMITIDO",IF(W12="CANCELADA","CANCELADA",IF(H12="","",IF(H12="ADMITIDO","ADMITIDO",IF(H12="CANCELADA","CANCELADA",IF(OR(H12="ANALISE CANCELAMENTO",H12="ANÁLISE CANCELAMENTO"),"EM ANÁLISE",IF(D12="","",IF(D12<=7,"NO PRAZO",IF(D12<=14,"ATENÇÃO","CRÍTICO"))))))))) -> ADMITIDO | F12: FACILITIES | G12: WILLIAM | H12: =W12 -> ADMITIDO | I12: =IF(W12="ADMITIDO","ADMITIDO",IF(W12="CANCELADA","CANCELADA",IF(H12="","",IFERROR(_xlfn.XLOOKUP(H12,Listas!I:I,Listas!J:J),"OUTROS")))) -> ADMITIDO | J12: AUXILIAR DE LIMPEZA | K12: CRISTIANE APARECIDA VIANA DA SILVA | L12: FACILITIES3 - RESERVA TECNICA | M12: RESERVAS | N12: DIURNO | O12: 6X1 FOLGA DOM/FER | P12: 08:00H - 14:00 - 22:00 C/ 1H INTERV | Q12: Cand Jhoni desistiu/ Cbadidata Maria desistiu/ cand. Reginaldo em documentação, desisitiu dia 08/05| Pedro aprovado 11/05| | R12: RECEPTIVO NO WHATSAPP | S12: 11 94385-3802 | T12: LUANA | U12: 46153 | V12: PEDRO AUGUSTO DA SILVA COSTA | W12: ADMITIDO | X12: 46154 | Y12: 46155 | Z12: 145951 | AA12: MARIA APARECIDA MENDES DE SOUZA Exame agendado para o dia 29/04, porém ela não compareceu. Solicitou reagendamento e também não compareceu. Tentativas de contato sem sucesso. REGINALDO RODRIGUES DE LIMA Recebido dia 06/05 declinou por não quer mais a vaga dia 08/05, não realizou ASO | AB12: 0
A13: 29385 | B13: 1 | C13: 46093 | D13: =TODAY()-C13 -> 134 | E13: =IF(W13="ADMITIDO","ADMITIDO",IF(W13="CANCELADA","CANCELADA",IF(H13="","",IF(H13="ADMITIDO","ADMITIDO",IF(H13="CANCELADA","CANCELADA",IF(OR(H13="ANALISE CANCELAMENTO",H13="ANÁLISE CANCELAMENTO"),"EM ANÁLISE",IF(D13="","",IF(D13<=7,"NO PRAZO",IF(D13<=14,"ATENÇÃO","CRÍTICO"))))))))) -> CANCELADA | F13: FACILITIES | G13: NATHALYA | H13: CANCELADA | I13: =IF(W13="ADMITIDO","ADMITIDO",IF(W13="CANCELADA","CANCELADA",IF(H13="","",IFERROR(_xlfn.XLOOKUP(H13,Listas!I:I,Listas!J:J),"OUTROS")))) -> CANCELADA | J13: AUXILIAR DE LIMPEZA | K13: MAIARA RODRIGUES DE ANDRADE COSTA | L13: PASARGADA | M13: JUNDIAÍ | N13: DIURNO | O13: 6X1 TROCA SÁB/DOM FOLGA FER | P13: 09H -07:00-16:00 C/INT SEG- SEX/04H S/D. | Q13: CANDIDATA SIMONE APROVADA 30/03 (Desistiu da vaga) - CANDIDATA LUCIANA APROVADA 09/04 (Declinada por falta de documentos) CNAD MARIANA DO WILLIAM 29/04 | W13: CANCELADA | AA13: MARIANA GOMES: Declinou 30/04 | AB13: 0
A14: 29310 | B14: 1 | C14: 46093 | D14: =TODAY()-C14 -> 134 | E14: =IF(W14="ADMITIDO","ADMITIDO",IF(W14="CANCELADA","CANCELADA",IF(H14="","",IF(H14="ADMITIDO","ADMITIDO",IF(H14="CANCELADA","CANCELADA",IF(OR(H14="ANALISE CANCELAMENTO",H14="ANÁLISE CANCELAMENTO"),"EM ANÁLISE",IF(D14="","",IF(D14<=7,"NO PRAZO",IF(D14<=14,"ATENÇÃO","CRÍTICO"))))))))) -> ADMITIDO | F14: FACILITIES | G14: NATHALYA | H14: =W14 -> ADMITIDO | I14: =IF(W14="ADMITIDO","ADMITIDO",IF(W14="CANCELADA","CANCELADA",IF(H14="","",IFERROR(_xlfn.XLOOKUP(H14,Listas!I:I,Listas!J:J),"OUTROS")))) -> ADMITIDO | J14: JARDINEIRO 2 | K14: LINDBERG TUMOLO | L14: VOLANTES - SERVICO EXTRA | M14: ADM | N14: DIURNO | O14: 5X2 FOLGA SÁB/DOM/FER | P14: 09:48H - 07:00 - 16:48 C/ 1H INTERV | Q14: CANDIDATO CLEBEERTON APROVADO 08/04 (Declinado por ser ex-funcionário, não informou durante a entrevista e não foi autorizado seu retorno) - CANDIDATO CHRISTOFER APROVADO 16/04 | R14: WHATSAPP | S14: 11 93280-6857 | T14: RITA | U14: 46128 | V14: CHRISTOFER BARBOSA ROCHA | W14: ADMITIDO | X14: 46132 | Y14: 46135 | Z14: 914147 | AA14: Problema com documentos | AB14: 0
A15: 29310 | B15: 1 | C15: 46093 | D15: =TODAY()-C15 -> 134 | E15: =IF(W15="ADMITIDO","ADMITIDO",IF(W15="CANCELADA","CANCELADA",IF(H15="","",IF(H15="ADMITIDO","ADMITIDO",IF(H15="CANCELADA","CANCELADA",IF(OR(H15="ANALISE CANCELAMENTO",H15="ANÁLISE CANCELAMENTO"),"EM ANÁLISE",IF(D15="","",IF(D15<=7,"NO PRAZO",IF(D15<=14,"ATENÇÃO","CRÍTICO"))))))))) -> ADMITIDO | F15: FACILITIES | G15: NATHALYA | H15: =W15 -> ADMITIDO | I15: =IF(W15="ADMITIDO","ADMITIDO",IF(W15="CANCELADA","CANCELADA",IF(H15="","",IFERROR(_xlfn.XLOOKUP(H15,Listas!I:I,Listas!J:J),"OUTROS")))) -> ADMITIDO | J15: JARDINEIRO 2 | K15: LINDBERG TUMOLO | L15: VOLANTES - SERVICO EXTRA | M15: ADM | N15: DIURNO | O15: 5X2 FOLGA SÁB/DOM/FER | P15: 09:48H - 07:00 - 16:48 C/ 1H INTERV | R15: WHATSAPP | S15: 11 92173-6036 | T15: RITA | U15: 46135 | V15: CLEBERTON APARECIDO | W15: ADMITIDO | X15: 46140 | Y15: 46141 | Z15: 914178 | AA15: INTEGRAÇÃO DO DIA 27/04 FOI REMANEJADA A PEDIDO DO CANDIDATO PARA O DIA 28/04 | AB15: 0
A16: 29420 | B16: 1 | C16: 46097 | D16: =TODAY()-C16 -> 130 | E16: =IF(W16="ADMITIDO","ADMITIDO",IF(W16="CANCELADA","CANCELADA",IF(H16="","",IF(H16="ADMITIDO","ADMITIDO",IF(H16="CANCELADA","CANCELADA",IF(OR(H16="ANALISE CANCELAMENTO",H16="ANÁLISE CANCELAMENTO"),"EM ANÁLISE",IF(D16="","",IF(D16<=7,"NO PRAZO",IF(D16<=14,"ATENÇÃO","CRÍTICO"))))))))) -> CANCELADA | F16: FACILITIES | G16: GIOVANNA | H16: CANCELADA | I16: =IF(W16="ADMITIDO","ADMITIDO",IF(W16="CANCELADA","CANCELADA",IF(H16="","",IFERROR(_xlfn.XLOOKUP(H16,Listas!I:I,Listas!J:J),"OUTROS")))) -> CANCELADA | J16: AUXILIAR DE SERVIÇOS GERAIS | K16: MIGUEL GIOSA PIVA | L16: CAMINHOS DA SERRA 3 | M16: JUNDIAÍ | N16: DIURNO | O16: 6X1 FOLGA DOM/FER | P16: 09H - 07:00-16:00 C/INT SEG- SEX/04H SAB | Q16: A colaboradora VÂNIA foi remanejada para outro contrato | W16: CANCELADA | AB16: 0
A17: 29417 | B17: 1 | C17: 46097 | D17: =TODAY()-C17 -> 130 | E17: =IF(W17="ADMITIDO","ADMITIDO",IF(W17="CANCELADA","CANCELADA",IF(H17="","",IF(H17="ADMITIDO","ADMITIDO",IF(H17="CANCELADA","CANCELADA",IF(OR(H17="ANALISE CANCELAMENTO",H17="ANÁLISE CANCELAMENTO"),"EM ANÁLISE",IF(D17="","",IF(D17<=7,"NO PRAZO",IF(D17<=14,"ATENÇÃO","CRÍTICO"))))))))) -> ADMITIDO | F17: FACILITIES | G17: GIOVANNA | H17: ADMITIDO | I17: =IF(W17="ADMITIDO","ADMITIDO",IF(W17="CANCELADA","CANCELADA",IF(H17="","",IFERROR(_xlfn.XLOOKUP(H17,Listas!I:I,Listas!J:J),"OUTROS")))) -> ADMITIDO | J17: AUXILIAR DE LIMPEZA | K17: MIGUEL GIOSA PIVA | L17: HORIBA | M17: JUNDIAÍ | N17: DIURNO | O17: 5X2 FOLGA SÁB/DOM/FER | P17: 09:48H - 07:00 - 16:48 C/ INTERV | R17: WHATSAPP | T17: BEATRIZ | U17: 46150 | V17: ANDREIA DO CARMO DE JESUS | W17: ADMITIDO | X17: 46156 | Y17: 46160 | Z17: 914285 | AA17: Candidata Claudinéia declinou da vaga em 28/04 - vaga reabera / LUCIANA FERREIRA: Declinamos por falta de retorno 04.05 | AB17: 0
A18: 29444 | B18: 1 | C18: 46098 | D18: =TODAY()-C18 -> 129 | E18: =IF(W18="ADMITIDO","ADMITIDO",IF(W18="CANCELADA","CANCELADA",IF(H18="","",IF(H18="ADMITIDO","ADMITIDO",IF(H18="CANCELADA","CANCELADA",IF(OR(H18="ANALISE CANCELAMENTO",H18="ANÁLISE CANCELAMENTO"),"EM ANÁLISE",IF(D18="","",IF(D18<=7,"NO PRAZO",IF(D18<=14,"ATENÇÃO","CRÍTICO"))))))))) -> ADMITIDO | F18: FACILITIES | G18: WILLIAM | H18: =W18 -> ADMITIDO | I18: =IF(W18="ADMITIDO","ADMITIDO",IF(W18="CANCELADA","CANCELADA",IF(H18="","",IFERROR(_xlfn.XLOOKUP(H18,Listas!I:I,Listas!J:J),"OUTROS")))) -> ADMITIDO | J18: AUXILIAR DE SERVIÇOS GERAIS | K18: CRISTIANE APARECIDA VIANA DA SILVA | L18: FACILITIES3 - RESERVA TECNICA | M18: RESERVAS | N18: DIURNO | O18: 6X1 FOLGA DOM/FER | P18: 09H - 07:00-16:00 C/INT SEG- SEX/04H SAB | Q18: CANDIDATA MARIA APARECIDA APROVADA DESISTIU / IGOR aprovado 06/05 não deu mais retorno| CANDIDATO LUCAS APROVADO 08/05 FECHADO PELA NATHALYA | R18: RECEPTIVO NO WHATSAPP | S18: 119 7521-3162 | T18: BEATRIZ | U18: 46150 | V18: LUCAS VINICIUS MENDES DOS SANTOS | W18: ADMITIDO | X18: 46154 | Y18: 46155 | Z18: 145949 | AA18: IGOR SANTOS - Atraso para subir , devido falta de documentos . Feito cadastro desistiu da vaga | AB18: 0
A19: 29429 | B19: 1 | C19: 46098 | D19: =TODAY()-C19 -> 129 | E19: =IF(W19="ADMITIDO","ADMITIDO",IF(W19="CANCELADA","CANCELADA",IF(H19="","",IF(H19="ADMITIDO","ADMITIDO",IF(H19="CANCELADA","CANCELADA",IF(OR(H19="ANALISE CANCELAMENTO",H19="ANÁLISE CANCELAMENTO"),"EM ANÁLISE",IF(D19="","",IF(D19<=7,"NO PRAZO",IF(D19<=14,"ATENÇÃO","CRÍTICO"))))))))) -> ADMITIDO | F19: FACILITIES | G19: WILLIAM | H19: ADMITIDO | I19: =IF(W19="ADMITIDO","ADMITIDO",IF(W19="CANCELADA","CANCELADA",IF(H19="","",IFERROR(_xlfn.XLOOKUP(H19,Listas!I:I,Listas!J:J),"OUTROS")))) -> ADMITIDO | J19: AUXILIAR DE LIMPEZA | K19: MAIARA RODRIGUES DE ANDRADE COSTA | L19: FACILITIES7 - RESERVA DELPHOS | M19: RESERVAS | N19: DIURNO | O19: 6X1 FOLGA DOM/FER | P19: 09H - 07:00-16:00 C/INT SEG- SEX/04H S/D | Q19: CANDIDATA ALYCIA EM PESQUISA 08/05 - CANDIDATA ALYCIA APROVADA 11/05 | R19: INDIQUE UM AMIGO | S19: 11 95585-2637 | T19: PATRICIA | V19: FRANCISCO PELE DE MOURA | W19: ADMITIDO | X19: 46148 | Y19: 46149 | Z19: 145923 | AB19: 0
A20: 29429 | B20: 1 | C20: 46098 | D20: =TODAY()-C20 -> 129 | E20: =IF(W20="ADMITIDO","ADMITIDO",IF(W20="CANCELADA","CANCELADA",IF(H20="","",IF(H20="ADMITIDO","ADMITIDO",IF(H20="CANCELADA","CANCELADA",IF(OR(H20="ANALISE CANCELAMENTO",H20="ANÁLISE CANCELAMENTO"),"EM ANÁLISE",IF(D20="","",IF(D20<=7,"NO PRAZO",IF(D20<=14,"ATENÇÃO","CRÍTICO"))))))))) -> ADMITIDO | F20: FACILITIES | G20: NATHALYA | H20: ADMITIDO | I20: =IF(W20="ADMITIDO","ADMITIDO",IF(W20="CANCELADA","CANCELADA",IF(H20="","",IFERROR(_xlfn.XLOOKUP(H20,Listas!I:I,Listas!J:J),"OUTROS")))) -> ADMITIDO | J20: AUXILIAR DE LIMPEZA | K20: MAIARA RODRIGUES DE ANDRADE COSTA | L20: FACILITIES7 - RESERVA DELPHOS | M20: RESERVAS | N20: DIURNO | O20: 6X1 FOLGA DOM/FER | P20: 09H - 07:00-16:00 C/INT SEG- SEX/04H S/D | Q20: CANDIDATA ALYCIA EM PESQUISA 08/05 - CANDIDATA ALYCIA APROVADA 11/05 | R20: INDIQUE UM AMIGO | S20: 11 95585-2637 | T20: BEATRIZ | U20: 46153 | V20: ALYCIA CRISTINA VILELA | W20: ADMITIDO | X20: 46157 | Y20: 46160 | Z20: 145975 | AB20: 0
A21: 29897 | B21: 1 | C21: 46126 | D21: =TODAY()-C21 -> 101 | E21: =IF(W21="ADMITIDO","ADMITIDO",IF(W21="CANCELADA","CANCELADA",IF(H21="","",IF(H21="ADMITIDO","ADMITIDO",IF(H21="CANCELADA","CANCELADA",IF(OR(H21="ANALISE CANCELAMENTO",H21="ANÁLISE CANCELAMENTO"),"EM ANÁLISE",IF(D21="","",IF(D21<=7,"NO PRAZO",IF(D21<=14,"ATENÇÃO","CRÍTICO"))))))))) -> ADMITIDO | F21: SEGURANÇA | G21: ANDREIA | H21: =W21 -> ADMITIDO | I21: =IF(W21="ADMITIDO","ADMITIDO",IF(W21="CANCELADA","CANCELADA",IF(H21="","",IFERROR(_xlfn.XLOOKUP(H21,Listas!I:I,Listas!J:J),"OUTROS")))) -> ADMITIDO | J21: VIGIA | K21: MARCELO RODRIGUES CARUNCHO CARNAVAL | L21: VILLA DAS ARTES | M21: SALTO | N21: DIURNO | O21: 12X36 | P21: 12H - 06:00 - 18:00 C/ 1H INTERV | T21: ANA | U21: 46139 | V21: STEPHANE BEATRIZ DA SILVA | W21: ADMITIDO | X21: 46141 | Y21: 46142 | Z21: 914200 | AB21: 0
A22: 29467 | B22: 1 | C22: 46099 | D22: =TODAY()-C22 -> 128 | E22: =IF(W22="ADMITIDO","ADMITIDO",IF(W22="CANCELADA","CANCELADA",IF(H22="","",IF(H22="ADMITIDO","ADMITIDO",IF(H22="CANCELADA","CANCELADA",IF(OR(H22="ANALISE CANCELAMENTO",H22="ANÁLISE CANCELAMENTO"),"EM ANÁLISE",IF(D22="","",IF(D22<=7,"NO PRAZO",IF(D22<=14,"ATENÇÃO","CRÍTICO"))))))))) -> ADMITIDO | F22: FACILITIES | G22: NATHALYA | H22: =W22 -> ADMITIDO | I22: =IF(W22="ADMITIDO","ADMITIDO",IF(W22="CANCELADA","CANCELADA",IF(H22="","",IFERROR(_xlfn.XLOOKUP(H22,Listas!I:I,Listas!J:J),"OUTROS")))) -> ADMITIDO | J22: AUXILIAR DE LIMPEZA | K22: MAIARA RODRIGUES DE ANDRADE COSTA | L22: SPAZIO BONFIGLIOLI | M22: JUNDIAÍ | N22: DIURNO | O22: 6X1 FOLGA DOM/FER | P22: 09H - 08:00-17:00 C/INT SEG- SEX/04H SAB | Q22: CANDIDATA REGINA APROVADA 20/03 (Parou de responder) - CANDIDATA ELIANA APROVADA 24/03 (Parou de responder) - CANDIDATA LUCIMAR APROVADA 13/04 | R22: WHATSAPP | S22: 11 95244-1563 | T22: RITA | U22: 46125 | V22: LUCIMAR DA SILVA PEREIRA | W22: ADMITIDO | X22: 46132 | Y22: 46134 | Z22: 145849 | AA22: Inicio acordado com a recrutadora | AB22: 0
A23: 29800 | B23: 1 | C23: 46122 | D23: =TODAY()-C23 -> 105 | E23: =IF(W23="ADMITIDO","ADMITIDO",IF(W23="CANCELADA","CANCELADA",IF(H23="","",IF(H23="ADMITIDO","ADMITIDO",IF(H23="CANCELADA","CANCELADA",IF(OR(H23="ANALISE CANCELAMENTO",H23="ANÁLISE CANCELAMENTO"),"EM ANÁLISE",IF(D23="","",IF(D23<=7,"NO PRAZO",IF(D23<=14,"ATENÇÃO","CRÍTICO"))))))))) -> ADMITIDO | F23: FACILITIES | G23: FREITAS | H23: =W23 -> ADMITIDO | I23: =IF(W23="ADMITIDO","ADMITIDO",IF(W23="CANCELADA","CANCELADA",IF(H23="","",IFERROR(_xlfn.XLOOKUP(H23,Listas!I:I,Listas!J:J),"OUTROS")))) -> ADMITIDO | J23: AUXILIAR DE LIMPEZA | K23: KELLY ROBERTA FRATUCCI | L23: ADP BRASIL - MATRIZ SP | M23: SÃO PAULO | N23: DIURNO | O23: 6X1 FOLGA DOM/FER | P23: 08:20H - 13:40 - 22:00 C/ 1H INTERV | T23: ROSI | U23: 46129 | V23: LIGIA CLAUDIA DA SILVA | W23: ADMITIDO | X23: 46135 | Y23: 46136 | Z23: 914148 | AB23: 0
A24: 29472 | B24: 1 | C24: 46100 | D24: =TODAY()-C24 -> 127 | E24: =IF(W24="ADMITIDO","ADMITIDO",IF(W24="CANCELADA","CANCELADA",IF(H24="","",IF(H24="ADMITIDO","ADMITIDO",IF(H24="CANCELADA","CANCELADA",IF(OR(H24="ANALISE CANCELAMENTO",H24="ANÁLISE CANCELAMENTO"),"EM ANÁLISE",IF(D24="","",IF(D24<=7,"NO PRAZO",IF(D24<=14,"ATENÇÃO","CRÍTICO"))))))))) -> CANCELADA | F24: FACILITIES | G24: GIOVANNA | H24: CANCELADA | I24: =IF(W24="ADMITIDO","ADMITIDO",IF(W24="CANCELADA","CANCELADA",IF(H24="","",IFERROR(_xlfn.XLOOKUP(H24,Listas!I:I,Listas!J:J),"OUTROS")))) -> CANCELADA | J24: AUXILIAR DE LIMPEZA | K24: THAIS ALVES DE SOUZA | L24: GRANI AMICI | M24: JUNDIAÍ | N24: DIURNO | O24: 6X1 FOLGA DOM/FER | P24: 09H - 12:00-21:00 C/ INT SEG-SEX/04H SAB | Q24: Vaga Cancelada por Souza via email 20/04 | W24: CANCELADA | AB24: 0
A25: 29490 | B25: 1 | C25: 46101 | D25: =TODAY()-C25 -> 126 | E25: =IF(W25="ADMITIDO","ADMITIDO",IF(W25="CANCELADA","CANCELADA",IF(H25="","",IF(H25="ADMITIDO","ADMITIDO",IF(H25="CANCELADA","CANCELADA",IF(OR(H25="ANALISE CANCELAMENTO",H25="ANÁLISE CANCELAMENTO"),"EM ANÁLISE",IF(D25="","",IF(D25<=7,"NO PRAZO",IF(D25<=14,"ATENÇÃO","CRÍTICO"))))))))) -> ADMITIDO | F25: FACILITIES | G25: NATHALYA | H25: ADMITIDO | I25: =IF(W25="ADMITIDO","ADMITIDO",IF(W25="CANCELADA","CANCELADA",IF(H25="","",IFERROR(_xlfn.XLOOKUP(H25,Listas!I:I,Listas!J:J),"OUTROS")))) -> ADMITIDO | J25: AUXILIAR DE SERVIÇOS GERAIS | K25: MAIARA RODRIGUES DE ANDRADE COSTA | L25: FACILITIES7 - RESERVA TECNICA | M25: JUNDIAÍ | N25: DIURNO | O25: 6X1 FOLGA DOM/FER | P25: 09H - 07:00-16:00 C/INT SEG- SEX/04H SAB | T25: RITA | U25: 46148 | V25: KAYAN VICTOR WESCESLAU MARTINS | W25: ADMITIDO | X25: 46150 | Y25: 46153 | Z25: 145936 | AB25: 0
A26: 29485 | B26: 1 | C26: 46101 | D26: =TODAY()-C26 -> 126 | E26: =IF(W26="ADMITIDO","ADMITIDO",IF(W26="CANCELADA","CANCELADA",IF(H26="","",IF(H26="ADMITIDO","ADMITIDO",IF(H26="CANCELADA","CANCELADA",IF(OR(H26="ANALISE CANCELAMENTO",H26="ANÁLISE CANCELAMENTO"),"EM ANÁLISE",IF(D26="","",IF(D26<=7,"NO PRAZO",IF(D26<=14,"ATENÇÃO","CRÍTICO"))))))))) -> CANCELADA | F26: FACILITIES | G26: ELONY | H26: CANCELADA | I26: =IF(W26="ADMITIDO","ADMITIDO",IF(W26="CANCELADA","CANCELADA",IF(H26="","",IFERROR(_xlfn.XLOOKUP(H26,Listas!I:I,Listas!J:J),"OUTROS")))) -> CANCELADA | J26: LÍDER DE LIMPEZA 13 | K26: ELIANA MARIA MOREIRA BRANSANI | L26: FACULDADE SAO LEOPOLDO MANDIC - MATRIZ | M26: CAMPINAS | N26: NOTURNO | O26: 6X1 FOLGA DOM/FER | P26: 08H - 22:00 - 06:00 C/ 1H INTERV | Q26: Haverá promoção Interna - Supervisora Eliana - 20/04 - aguardar Elony, aporvado o cancelamento Eliana via whats | W26: CANCELADA | AB26: 0
A27: 29480 | B27: 1 | C27: 46101 | D27: =TODAY()-C27 -> 126 | E27: =IF(W27="ADMITIDO","ADMITIDO",IF(W27="CANCELADA","CANCELADA",IF(H27="","",IF(H27="ADMITIDO","ADMITIDO",IF(H27="CANCELADA","CANCELADA",IF(OR(H27="ANALISE CANCELAMENTO",H27="ANÁLISE CANCELAMENTO"),"EM ANÁLISE",IF(D27="","",IF(D27<=7,"NO PRAZO",IF(D27<=14,"ATENÇÃO","CRÍTICO"))))))))) -> CANCELADA | F27: ADM | G27: ANDREIA | H27: CANCELADA | I27: =IF(W27="ADMITIDO","ADMITIDO",IF(W27="CANCELADA","CANCELADA",IF(H27="","",IFERROR(_xlfn.XLOOKUP(H27,Listas!I:I,Listas!J:J),"OUTROS")))) -> CANCELADA | J27: ASSISTENTE OPERACIONAL 3 | K27: MARCOS TOLEDO | L27: PCO - PLANEJAMENTO E CONTROLE OPERACIONAL | M27: ADM | N27: DIURNO | O27: 12X36 | P27: 12H - 06:00 - 18:00 C/ 1H INTERV | W27: CANCELADA | AB27: 0
A28: 29502 | B28: 1 | C28: 46104 | D28: =TODAY()-C28 -> 123 | E28: =IF(W28="ADMITIDO","ADMITIDO",IF(W28="CANCELADA","CANCELADA",IF(H28="","",IF(H28="ADMITIDO","ADMITIDO",IF(H28="CANCELADA","CANCELADA",IF(OR(H28="ANALISE CANCELAMENTO",H28="ANÁLISE CANCELAMENTO"),"EM ANÁLISE",IF(D28="","",IF(D28<=7,"NO PRAZO",IF(D28<=14,"ATENÇÃO","CRÍTICO"))))))))) -> ADMITIDO | F28: VIGILANCIA | G28: GIOVANNA | H28: =W28 -> ADMITIDO | I28: =IF(W28="ADMITIDO","ADMITIDO",IF(W28="CANCELADA","CANCELADA",IF(H28="","",IFERROR(_xlfn.XLOOKUP(H28,Listas!I:I,Listas!J:J),"OUTROS")))) -> ADMITIDO | J28: VIGILANTE | K28: EVALDO ALMEIDA SANTOS | L28: CROWN EMBALAGENS | M28: CABREÚVA | N28: NOTURNO | O28: 12X36 | P28: 12H - 18:00 - 06:00 C/ 1H INTERV | R28: INDICAÇÃO SUP. EVALDO | S28: +55 15 99143-0502 | T28: BEATRIZ | U28: 14/4 | V28: PABLO HENRIQUE PORFIRIO GUSMÃO | W28: ADMITIDO | X28: 46132 | Y28: 46133 | Z28: 83266 | AB28: 0
A29: 29520 | B29: 1 | C29: 46104 | D29: =TODAY()-C29 -> 123 | E29: =IF(W29="ADMITIDO","ADMITIDO",IF(W29="CANCELADA","CANCELADA",IF(H29="","",IF(H29="ADMITIDO","ADMITIDO",IF(H29="CANCELADA","CANCELADA",IF(OR(H29="ANALISE CANCELAMENTO",H29="ANÁLISE CANCELAMENTO"),"EM ANÁLISE",IF(D29="","",IF(D29<=7,"NO PRAZO",IF(D29<=14,"ATENÇÃO","CRÍTICO"))))))))) -> CRÍTICO | F29: FACILITIES | G29: ELONY | H29: EM DOCUMENTAÇÃO 1 | I29: =IF(W29="ADMITIDO","ADMITIDO",IF(W29="CANCELADA","CANCELADA",IF(H29="","",IFERROR(_xlfn.XLOOKUP(H29,Listas!I:I,Listas!J:J),"OUTROS")))) -> DOCUMENTAÇÃO | J29: OPERADOR DE EMPILHADEIRA 8 | K29: ELIANA MARIA MOREIRA BRANSANI | L29: FITESA NAO TECIDOS S/A | M29: COSMÓPOLIS | N29: DIURNO | O29: 3X3 TRABALHA FERIADO | P29: 12H - 06:00 - 18:00 C/ 1H INTERV | Q29: Funcionário aguadando Liberação do Cliente /Enviado email Nejos dia 23/04 cobrando data de inicio | T29: ANA | U29: 46154 | V29: LUCAS HENRIQUE COLASANTO | W29: INTEGRAÇÃO PROGRAMADA | X29: 46160 | Y29: 46161 | Z29: 914295 | AB29: 0
A30: 29699 | B30: 1 | C30: 46114 | D30: =TODAY()-C30 -> 113 | E30: =IF(W30="ADMITIDO","ADMITIDO",IF(W30="CANCELADA","CANCELADA",IF(H30="","",IF(H30="ADMITIDO","ADMITIDO",IF(H30="CANCELADA","CANCELADA",IF(OR(H30="ANALISE CANCELAMENTO",H30="ANÁLISE CANCELAMENTO"),"EM ANÁLISE",IF(D30="","",IF(D30<=7,"NO PRAZO",IF(D30<=14,"ATENÇÃO","CRÍTICO"))))))))) -> ADMITIDO | F30: FACILITIES | G30: FREITAS | H30: =W30 -> ADMITIDO | I30: =IF(W30="ADMITIDO","ADMITIDO",IF(W30="CANCELADA","CANCELADA",IF(H30="","",IFERROR(_xlfn.XLOOKUP(H30,Listas!I:I,Listas!J:J),"OUTROS")))) -> ADMITIDO | J30: AUXILIAR DE SERVIÇOS GERAIS | K30: MARICLEIA CARDOSO SOARES | L30: ITW CHEMICAL | M30: EMBU | N30: DIURNO | O30: 5X2 FOLGA SÁB/DOM/FER | P30: 09:48H - 06:00 - 15:48 C/ 1H INTERV | T30: ROSI | U30: 46135 | V30: JAENIA GRACIELA SANTOS BRITO | W30: ADMITIDO | X30: 46139 | Y30: 46140 | Z30: 145885 | AB30: 0
A31: 29519 | B31: 1 | C31: 46104 | D31: =TODAY()-C31 -> 123 | E31: =IF(W31="ADMITIDO","ADMITIDO",IF(W31="CANCELADA","CANCELADA",IF(H31="","",IF(H31="ADMITIDO","ADMITIDO",IF(H31="CANCELADA","CANCELADA",IF(OR(H31="ANALISE CANCELAMENTO",H31="ANÁLISE CANCELAMENTO"),"EM ANÁLISE",IF(D31="","",IF(D31<=7,"NO PRAZO",IF(D31<=14,"ATENÇÃO","CRÍTICO"))))))))) -> ADMITIDO | F31: FACILITIES | G31: WILLIAM | H31: =W31 -> ADMITIDO | I31: =IF(W31="ADMITIDO","ADMITIDO",IF(W31="CANCELADA","CANCELADA",IF(H31="","",IFERROR(_xlfn.XLOOKUP(H31,Listas!I:I,Listas!J:J),"OUTROS")))) -> ADMITIDO | J31: AUXILIAR DE MANUTENÇÃO 6 | K31: CRISTIANE APARECIDA VIANA DA SILVA | L31: VISTA PARK | M31: JUNDIAÍ | N31: DIURNO | O31: 6X1 FOLGA DOM/FER | P31: 09H - 08:00-17:00 C/INT SEG- SEX/04H SAB | Q31: CANDIDATO NA NATHALIA | S31: 11 99298-7428 | T31: BEATRIZ | U31: 46129 | V31: STIVE CARDOSO DA LUZ | W31: ADMITIDO | X31: 46135 | Y31: 46136 | Z31: 914130 | AB31: 0
A32: 29488 | B32: 1 | C32: 46105 | D32: =TODAY()-C32 -> 122 | E32: =IF(W32="ADMITIDO","ADMITIDO",IF(W32="CANCELADA","CANCELADA",IF(H32="","",IF(H32="ADMITIDO","ADMITIDO",IF(H32="CANCELADA","CANCELADA",IF(OR(H32="ANALISE CANCELAMENTO",H32="ANÁLISE CANCELAMENTO"),"EM ANÁLISE",IF(D32="","",IF(D32<=7,"NO PRAZO",IF(D32<=14,"ATENÇÃO","CRÍTICO"))))))))) -> ADMITIDO | F32: FACILITIES | G32: ELONY | H32: =W32 -> ADMITIDO | I32: =IF(W32="ADMITIDO","ADMITIDO",IF(W32="CANCELADA","CANCELADA",IF(H32="","",IFERROR(_xlfn.XLOOKUP(H32,Listas!I:I,Listas!J:J),"OUTROS")))) -> ADMITIDO | J32: ENCARREGADO DE LIMPEZA 5 | K32: ELIANA MARIA MOREIRA BRANSANI | L32: FACULDADE SAO LEOPOLDO MANDIC - MATRIZ | M32: CAMPINAS | N32: DIURNO | O32: 6X1 FOLGA DOM/FER | P32: 08:20H - 13:40 - 22:00 C/ 1H INTERV | Q32: Indicada pelo cliente | S32: 19 98830 1725 | T32: ANA | U32: 46135 | V32: FATIMA DOS REIS LEÃO | W32: ADMITIDO | X32: 46141 | Y32: 46142 | Z32: 145897 | AB32: 0
A33: 29529 | B33: 1 | C33: 46105 | D33: =TODAY()-C33 -> 122 | E33: =IF(W33="ADMITIDO","ADMITIDO",IF(W33="CANCELADA","CANCELADA",IF(H33="","",IF(H33="ADMITIDO","ADMITIDO",IF(H33="CANCELADA","CANCELADA",IF(OR(H33="ANALISE CANCELAMENTO",H33="ANÁLISE CANCELAMENTO"),"EM ANÁLISE",IF(D33="","",IF(D33<=7,"NO PRAZO",IF(D33<=14,"ATENÇÃO","CRÍTICO"))))))))) -> ADMITIDO | F33: SEGURANÇA | G33: ELONY | H33: =W33 -> ADMITIDO | I33: =IF(W33="ADMITIDO","ADMITIDO",IF(W33="CANCELADA","CANCELADA",IF(H33="","",IFERROR(_xlfn.XLOOKUP(H33,Listas!I:I,Listas!J:J),"OUTROS")))) -> ADMITIDO | J33: VIGIA CONDUTOR | K33: JOSIMAR ALVES DE LIMA | L33: JARDIM DOS LAGOS | M33: INDAIATUBA | N33: NOTURNO | O33: 12X36 | P33: 12H - 18:00 - 06:00 C/ 1H INTERV | S33: 19 99805 1068 | T33: ANA | U33: 46132 | V33: LARISSA CRISTINA DE MELO SANTOS | W33: ADMITIDO | X33: 46148 | Y33: 46149 | Z33: 914229 | AB33: 0
A34: 29521 | B34: 1 | C34: 46105 | D34: =TODAY()-C34 -> 122 | E34: =IF(W34="ADMITIDO","ADMITIDO",IF(W34="CANCELADA","CANCELADA",IF(H34="","",IF(H34="ADMITIDO","ADMITIDO",IF(H34="CANCELADA","CANCELADA",IF(OR(H34="ANALISE CANCELAMENTO",H34="ANÁLISE CANCELAMENTO"),"EM ANÁLISE",IF(D34="","",IF(D34<=7,"NO PRAZO",IF(D34<=14,"ATENÇÃO","CRÍTICO"))))))))) -> ADMITIDO | F34: FACILITIES | G34: FREITAS | H34: ADMITIDO | I34: =IF(W34="ADMITIDO","ADMITIDO",IF(W34="CANCELADA","CANCELADA",IF(H34="","",IFERROR(_xlfn.XLOOKUP(H34,Listas!I:I,Listas!J:J),"OUTROS")))) -> ADMITIDO | J34: AUXILIAR DE LIMPEZA | K34: MARICLEIA CARDOSO SOARES | L34: NEO PARTS | M34: TATUÍ | N34: DIURNO | O34: 6X1 TROCA SAB FOL DOM/FER | P34: 08:20H - 13:40 - 22:00 C/ 1H INTERV | R34: RE 141366 - JACIRA | S34: 15996712142 | T34: PATRICIA | U34: 46134 | V34: CLAUDIA APARECIDA PAES CAMARGO | W34: ADMITIDO | X34: 46146 | Y34: 46146 | Z34: 145910 | AA34: Patricia, atualizar | AB34: 0
A35: 29533 | B35: 1 | C35: 46105 | D35: =TODAY()-C35 -> 122 | E35: =IF(W35="ADMITIDO","ADMITIDO",IF(W35="CANCELADA","CANCELADA",IF(H35="","",IF(H35="ADMITIDO","ADMITIDO",IF(H35="CANCELADA","CANCELADA",IF(OR(H35="ANALISE CANCELAMENTO",H35="ANÁLISE CANCELAMENTO"),"EM ANÁLISE",IF(D35="","",IF(D35<=7,"NO PRAZO",IF(D35<=14,"ATENÇÃO","CRÍTICO"))))))))) -> CRÍTICO | F35: FACILITIES | G35: GIOVANNA | H35: TRIAGEM 3 | I35: =IF(W35="ADMITIDO","ADMITIDO",IF(W35="CANCELADA","CANCELADA",IF(H35="","",IFERROR(_xlfn.XLOOKUP(H35,Listas!I:I,Listas!J:J),"OUTROS")))) -> TRIAGEM | J35: AUXILIAR DE SERVIÇOS GERAIS | K35: MIGUEL GIOSA PIVA | L35: SENSIENT | M35: JUNDIAÍ | N35: DIURNO | O35: 5X2 FOLGA SÁB/DOM/FER | P35: 08H - 14:00 - 22:00 C/ 1 INTERV | Q35: Desistência de candidatos, Reteve JERONIMO SANTOS DE ALMEIDA | AB35: 0
A36: 29554 | B36: 1 | C36: 46106 | D36: =TODAY()-C36 -> 121 | E36: =IF(W36="ADMITIDO","ADMITIDO",IF(W36="CANCELADA","CANCELADA",IF(H36="","",IF(H36="ADMITIDO","ADMITIDO",IF(H36="CANCELADA","CANCELADA",IF(OR(H36="ANALISE CANCELAMENTO",H36="ANÁLISE CANCELAMENTO"),"EM ANÁLISE",IF(D36="","",IF(D36<=7,"NO PRAZO",IF(D36<=14,"ATENÇÃO","CRÍTICO"))))))))) -> ADMITIDO | F36: FACILITIES | G36: FREITAS | H36: ADMITIDO | I36: =IF(W36="ADMITIDO","ADMITIDO",IF(W36="CANCELADA","CANCELADA",IF(H36="","",IFERROR(_xlfn.XLOOKUP(H36,Listas!I:I,Listas!J:J),"OUTROS")))) -> ADMITIDO | J36: AUXILIAR DE LIMPEZA | K36: KELLY ROBERTA FRATUCCI | L36: URBAN LIVING PACAEMBU | M36: SÃO PAULO | N36: DIURNO | O36: 6X1 TROCA SÁB/DOM | P36: 08:20H - 11:00 - 19:20 C/ 1H INTERV | Q36: Candidato Jose Luiz declinou da vaga dia 17/04 | S36: 11971655331 | T36: ROSI | U36: 46135 | V36: ELITON JAIRMILE DOS SANTOS | W36: ADMITIDO | X36: 46117 | Y36: 46117 | AB36: 0
A37: 29546 | B37: 1 | C37: 46106 | D37: =TODAY()-C37 -> 121 | E37: =IF(W37="ADMITIDO","ADMITIDO",IF(W37="CANCELADA","CANCELADA",IF(H37="","",IF(H37="ADMITIDO","ADMITIDO",IF(H37="CANCELADA","CANCELADA",IF(OR(H37="ANALISE CANCELAMENTO",H37="ANÁLISE CANCELAMENTO"),"EM ANÁLISE",IF(D37="","",IF(D37<=7,"NO PRAZO",IF(D37<=14,"ATENÇÃO","CRÍTICO"))))))))) -> ADMITIDO | F37: FACILITIES | G37: WILLIAM | H37: ADMITIDO | I37: =IF(W37="ADMITIDO","ADMITIDO",IF(W37="CANCELADA","CANCELADA",IF(H37="","",IFERROR(_xlfn.XLOOKUP(H37,Listas!I:I,Listas!J:J),"OUTROS")))) -> ADMITIDO | J37: AUXILIAR DE LIMPEZA | K37: CRISTIANE APARECIDA VIANA DA SILVA | L37: VISTA PARK | M37: JUNDIAÍ | N37: DIURNO | O37: 6X1 TROCA SÁB/DOM FOLGA FER | P37: 09H - 08:00-17:00 C/INT - 12H-16H S/D | Q37: CANDIDATA GINEUSA APROVADA | R37: RECEPTIVO NO WHATSAPP | T37: PATRICIA | U37: 14/04 | V37: GINEUSA SILVA | W37: ADMITIDO | X37: 46132 | Y37: 46134 | Z37: 914152 | AB37: 0
A38: 29564 | B38: 1 | C38: 46107 | D38: =TODAY()-C38 -> 120 | E38: =IF(W38="ADMITIDO","ADMITIDO",IF(W38="CANCELADA","CANCELADA",IF(H38="","",IF(H38="ADMITIDO","ADMITIDO",IF(H38="CANCELADA","CANCELADA",IF(OR(H38="ANALISE CANCELAMENTO",H38="ANÁLISE CANCELAMENTO"),"EM ANÁLISE",IF(D38="","",IF(D38<=7,"NO PRAZO",IF(D38<=14,"ATENÇÃO","CRÍTICO"))))))))) -> ADMITIDO | F38: FACILITIES | G38: ELONY | H38: ADMITIDO | I38: =IF(W38="ADMITIDO","ADMITIDO",IF(W38="CANCELADA","CANCELADA",IF(H38="","",IFERROR(_xlfn.XLOOKUP(H38,Listas!I:I,Listas!J:J),"OUTROS")))) -> ADMITIDO | J38: AUXILIAR DE LIMPEZA 23 | K38: GISLENE BESSA DOS SANTOS LOPES | L38: CAEP | M38: CAMPINAS | N38: DIURNO | O38: 6X1 FOLGA SEXTA | P38: 08:20H - 06:00 - 14:20 C/ 1H INTERV* | T38: ANA | U38: 46146 | V38: YELEZITA MARIA | W38: ADMITIDO | X38: 46155 | Y38: 46156 | Z38: 145944 | AA38: Indicação de supervisão - aguardou termono do aviso | AB38: 0
A39: 29581 | B39: 1 | C39: 46107 | D39: =TODAY()-C39 -> 120 | E39: =IF(W39="ADMITIDO","ADMITIDO",IF(W39="CANCELADA","CANCELADA",IF(H39="","",IF(H39="ADMITIDO","ADMITIDO",IF(H39="CANCELADA","CANCELADA",IF(OR(H39="ANALISE CANCELAMENTO",H39="ANÁLISE CANCELAMENTO"),"EM ANÁLISE",IF(D39="","",IF(D39<=7,"NO PRAZO",IF(D39<=14,"ATENÇÃO","CRÍTICO"))))))))) -> CRÍTICO | F39: FACILITIES | G39: ELONY | H39: TRIAGEM 1 | I39: =IF(W39="ADMITIDO","ADMITIDO",IF(W39="CANCELADA","CANCELADA",IF(H39="","",IFERROR(_xlfn.XLOOKUP(H39,Listas!I:I,Listas!J:J),"OUTROS")))) -> TRIAGEM | J39: AUXILIAR DE LIMPEZA | K39: ELIANA MARIA MOREIRA BRANSANI | L39: CAMPINAS5 - FERISTA - FACILITIES | M39: RESERVAS | N39: DIURNO | O39: 5X2 FOLGA SÁB/DOM/FER | P39: 09:48H - 07:00 - 16:48 C/ 1H INTERV | Q39: Vaga de ferista regisão de Indaiatuba | AA39: Candidata - BRUNA CUSTÓDIA DE SOUSA NEVES desistiu no dia 17/04 | AB39: 0
A40: 29572 | B40: 1 | C40: 46107 | D40: =TODAY()-C40 -> 120 | E40: =IF(W40="ADMITIDO","ADMITIDO",IF(W40="CANCELADA","CANCELADA",IF(H40="","",IF(H40="ADMITIDO","ADMITIDO",IF(H40="CANCELADA","CANCELADA",IF(OR(H40="ANALISE CANCELAMENTO",H40="ANÁLISE CANCELAMENTO"),"EM ANÁLISE",IF(D40="","",IF(D40<=7,"NO PRAZO",IF(D40<=14,"ATENÇÃO","CRÍTICO"))))))))) -> CANCELADA | F40: FACILITIES | G40: GIOVANNA | H40: CANCELADA | I40: =IF(W40="ADMITIDO","ADMITIDO",IF(W40="CANCELADA","CANCELADA",IF(H40="","",IFERROR(_xlfn.XLOOKUP(H40,Listas!I:I,Listas!J:J),"OUTROS")))) -> CANCELADA | J40: AUXILIAR DE LIMPEZA | K40: MIGUEL GIOSA PIVA | L40: MORADA DA SERRA | M40: JUNDIAÍ | N40: DIURNO | O40: 6X1 TROCA SÁB/DOM FOLGA FER | P40: 09H - 08:00-17:00 C/INT SEG- SEX/04H SD | Q40: Remanejamento interno | W40: CANCELADA | AB40: 0
A41: 30078 | B41: 1 | C41: 46139 | D41: =TODAY()-C41 -> 88 | E41: =IF(W41="ADMITIDO","ADMITIDO",IF(W41="CANCELADA","CANCELADA",IF(H41="","",IF(H41="ADMITIDO","ADMITIDO",IF(H41="CANCELADA","CANCELADA",IF(OR(H41="ANALISE CANCELAMENTO",H41="ANÁLISE CANCELAMENTO"),"EM ANÁLISE",IF(D41="","",IF(D41<=7,"NO PRAZO",IF(D41<=14,"ATENÇÃO","CRÍTICO"))))))))) -> ADMITIDO | F41: FACILITIES | G41: AMANDA | H41: ADMITIDO | I41: =IF(W41="ADMITIDO","ADMITIDO",IF(W41="CANCELADA","CANCELADA",IF(H41="","",IFERROR(_xlfn.XLOOKUP(H41,Listas!I:I,Listas!J:J),"OUTROS")))) -> ADMITIDO | J41: AUXILIAR DE SERVIÇOS GERAIS | K41: FLAVIA BATISTA DE LIMA | L41: A AZEVEDO | M41: ITUPEVA | N41: DIURNO | O41: 6X1 TROCA SÁB/DOM FOLGA FER | P41: 09H - 0600-1500 C/INT SEG-SEX/04H S/D | T41: BEATRIZ | U41: 46153 | V41: RAQUEL DE CAMPOS | W41: ADMITIDO | X41: 46156 | Y41: 46160 | Z41: 145962 | AB41: 0
A42: 29598 | B42: 1 | C42: 46108 | D42: =TODAY()-C42 -> 119 | E42: =IF(W42="ADMITIDO","ADMITIDO",IF(W42="CANCELADA","CANCELADA",IF(H42="","",IF(H42="ADMITIDO","ADMITIDO",IF(H42="CANCELADA","CANCELADA",IF(OR(H42="ANALISE CANCELAMENTO",H42="ANÁLISE CANCELAMENTO"),"EM ANÁLISE",IF(D42="","",IF(D42<=7,"NO PRAZO",IF(D42<=14,"ATENÇÃO","CRÍTICO"))))))))) -> ADMITIDO | F42: FACILITIES | G42: GIOVANNA | H42: ADMITIDO | I42: =IF(W42="ADMITIDO","ADMITIDO",IF(W42="CANCELADA","CANCELADA",IF(H42="","",IFERROR(_xlfn.XLOOKUP(H42,Listas!I:I,Listas!J:J),"OUTROS")))) -> ADMITIDO | J42: AUXILIAR DE SERVIÇOS GERAIS | K42: MIGUEL GIOSA PIVA | L42: DUO RESERVA DO JAPI | M42: JUNDIAÍ | N42: DIURNO | O42: 6X1 TROCA SÁB/DOM | P42: 09H - 08:00-17:00 C/INT SEG- SEX/04H SDF | Q42: Colaboradora Cristiana não compareceu no posto no qual foi remanejada | R42: WHATSAPP | S42: (11) 91777-7803. | T42: LUANA | U42: 46150 | V42: SANDRA REGINA BORGES DA SILVA | W42: ADMITIDO | X42: 46155 | Y42: 46156 | Z42: 145963 | AA42: ROSELEI ALVES DA ROCHA - declinou do processo 04.05 | AB42: 0
A43: 29626 | B43: 1 | C43: 46111 | D43: =TODAY()-C43 -> 116 | E43: =IF(W43="ADMITIDO","ADMITIDO",IF(W43="CANCELADA","CANCELADA",IF(H43="","",IF(H43="ADMITIDO","ADMITIDO",IF(H43="CANCELADA","CANCELADA",IF(OR(H43="ANALISE CANCELAMENTO",H43="ANÁLISE CANCELAMENTO"),"EM ANÁLISE",IF(D43="","",IF(D43<=7,"NO PRAZO",IF(D43<=14,"ATENÇÃO","CRÍTICO"))))))))) -> ADMITIDO | F43: FACILITIES | G43: AMANDA | H43: =W43 -> ADMITIDO | I43: =IF(W43="ADMITIDO","ADMITIDO",IF(W43="CANCELADA","CANCELADA",IF(H43="","",IFERROR(_xlfn.XLOOKUP(H43,Listas!I:I,Listas!J:J),"OUTROS")))) -> ADMITIDO | J43: AUXILIAR DE SERVIÇOS GERAIS | K43: FLAVIA BATISTA DE LIMA | L43: A AZEVEDO | M43: ITUPEVA | N43: DIURNO | O43: 6X1 TROCA SÁB/DOM FOLGA FER | P43: 09H - 0600-1500 C/INT SEG-SEX/04H S/D | Q43: Candidata desistiu da vaga por causa dos filhos | S43: +55 11 94377-6921 | T43: BEATRIZ | U43: 46135 | V43: GIZELE SILVA DE JESUS | W43: ADMITIDO | X43: 46139 | Y43: 46141 | Z43: 145894 | AB43: 0
A44: 29624 | B44: 1 | C44: 46111 | D44: =TODAY()-C44 -> 116 | E44: =IF(W44="ADMITIDO","ADMITIDO",IF(W44="CANCELADA","CANCELADA",IF(H44="","",IF(H44="ADMITIDO","ADMITIDO",IF(H44="CANCELADA","CANCELADA",IF(OR(H44="ANALISE CANCELAMENTO",H44="ANÁLISE CANCELAMENTO"),"EM ANÁLISE",IF(D44="","",IF(D44<=7,"NO PRAZO",IF(D44<=14,"ATENÇÃO","CRÍTICO"))))))))) -> CANCELADA | F44: FACILITIES | G44: NATHALYA | H44: CANCELADA | I44: =IF(W44="ADMITIDO","ADMITIDO",IF(W44="CANCELADA","CANCELADA",IF(H44="","",IFERROR(_xlfn.XLOOKUP(H44,Listas!I:I,Listas!J:J),"OUTROS")))) -> CANCELADA | J44: AUXILIAR DE LIMPEZA | K44: MAIARA RODRIGUES DE ANDRADE COSTA | L44: RESORT SANTA ANGELA | M44: JUNDIAÍ | N44: DIURNO | O44: 6X1 TROCA SÁB/DOM | P44: 09H - 07:00-16:00 C/INT SEG- SEX/04H S/D | Q44: CANDIDATA ELAINE APROVADA 09/04 (Desistiu da vaga por motivos particulares) - CANDIDATA BRUNA EM DVC 30/04 | R44: WHATSAPP | S44: 11 97565-7952 | W44: CANCELADA | AA44: CANDIDATA ELAINE APROVADA 09-04 (desistencia por motivos de saúde) - CANDIDATA ELAINE RETORNOU PARA O PROCESSO 23-04 (parou de responder) DECLINANDO A VAGA | AB44: 0
A45: 29625 | B45: 1 | C45: 46111 | D45: =TODAY()-C45 -> 116 | E45: =IF(W45="ADMITIDO","ADMITIDO",IF(W45="CANCELADA","CANCELADA",IF(H45="","",IF(H45="ADMITIDO","ADMITIDO",IF(H45="CANCELADA","CANCELADA",IF(OR(H45="ANALISE CANCELAMENTO",H45="ANÁLISE CANCELAMENTO"),"EM ANÁLISE",IF(D45="","",IF(D45<=7,"NO PRAZO",IF(D45<=14,"ATENÇÃO","CRÍTICO"))))))))) -> CRÍTICO | F45: FACILITIES | G45: NATHALYA | H45: TRIAGEM 2 | I45: =IF(W45="ADMITIDO","ADMITIDO",IF(W45="CANCELADA","CANCELADA",IF(H45="","",IFERROR(_xlfn.XLOOKUP(H45,Listas!I:I,Listas!J:J),"OUTROS")))) -> TRIAGEM | J45: AUXILIAR DE LIMPEZA | K45: MAIARA RODRIGUES DE ANDRADE COSTA | L45: THE ONE OFFICE | M45: JUNDIAÍ | N45: DIURNO | O45: 6X1 FOLGA DOM/FER | P45: 09H - 12:00-21:00 C/ INT SEG-SEX/04H SAB | Q45: CANDIDATA NANCI EM ANALISE DE HISTORICO 30/04 (REPROVADA NA ANALISE) - CANDIDATA FERNANDA EM PESQUISA 04/05 - CANDIDATA FERNANDA RECEBEU UMA PROPOSTA MELHOR 05/05 - CANDIDATA MARIA EM PESQUISA 05/05 - CANDIDATA MARIA APROVADA 06/05 - CANDIDATA MARIA DECLINOU POR PROPOSTA MELHOR 07/05 | AA45: MARIA APARECIDA BORGES DOS SANTOS - Declinou pois encontrou emprego mais próximo 07.05 | AB45: 0
A46: 29630 | B46: 1 | C46: 46111 | D46: =TODAY()-C46 -> 116 | E46: =IF(W46="ADMITIDO","ADMITIDO",IF(W46="CANCELADA","CANCELADA",IF(H46="","",IF(H46="ADMITIDO","ADMITIDO",IF(H46="CANCELADA","CANCELADA",IF(OR(H46="ANALISE CANCELAMENTO",H46="ANÁLISE CANCELAMENTO"),"EM ANÁLISE",IF(D46="","",IF(D46<=7,"NO PRAZO",IF(D46<=14,"ATENÇÃO","CRÍTICO"))))))))) -> ADMITIDO | F46: FACILITIES | G46: WILLIAM | H46: =W46 -> ADMITIDO | I46: =IF(W46="ADMITIDO","ADMITIDO",IF(W46="CANCELADA","CANCELADA",IF(H46="","",IFERROR(_xlfn.XLOOKUP(H46,Listas!I:I,Listas!J:J),"OUTROS")))) -> ADMITIDO | J46: AUXILIAR DE LIMPEZA | K46: CRISTIANE APARECIDA VIANA DA SILVA | L46: VISTA PARK | M46: JUNDIAÍ | N46: DIURNO | O46: 6X1 TROCA SÁB/DOM | P46: 09H - 08:00-17:00 C/INT SEG- SEX/04H SD | Q46: CANDIDATA ARIANE BARROS APROVADA | R46: RECEPTIVO NO WHATSAPP | S46: 1199 5884-8773 | T46: PATRICIA | U46: 46136 | V46: ARIANE BARROS | W46: ADMITIDO | X46: 46141 | Y46: 46142 | Z46: 914202 | AA46: 23.04 sem retorno do candidato. aguardando resposta da mensagem . declinamos a candidata sônia, pois ela não tem RG | AB46: 0
A47: 29662 | B47: 1 | C47: 46112 | D47: =TODAY()-C47 -> 115 | E47: =IF(W47="ADMITIDO","ADMITIDO",IF(W47="CANCELADA","CANCELADA",IF(H47="","",IF(H47="ADMITIDO","ADMITIDO",IF(H47="CANCELADA","CANCELADA",IF(OR(H47="ANALISE CANCELAMENTO",H47="ANÁLISE CANCELAMENTO"),"EM ANÁLISE",IF(D47="","",IF(D47<=7,"NO PRAZO",IF(D47<=14,"ATENÇÃO","CRÍTICO"))))))))) -> ADMITIDO | F47: FACILITIES | G47: ELONY | H47: ADMITIDO | I47: =IF(W47="ADMITIDO","ADMITIDO",IF(W47="CANCELADA","CANCELADA",IF(H47="","",IFERROR(_xlfn.XLOOKUP(H47,Listas!I:I,Listas!J:J),"OUTROS")))) -> ADMITIDO | J47: AUXILIAR DE LIMPEZA 23 | K47: GISLENE BESSA DOS SANTOS LOPES | L47: CAEP | M47: CAMPINAS | N47: DIURNO | O47: 12X36 | P47: 12H - 09:00 - 21:00 C/ 1H INTERV | T47: ANA | U47: 46139 | V47: KAYKY FREITAS GONZAGA DOS SANTOS | W47: ADMITIDO | X47: 46146 | Y47: 46147 | Z47: 1455916 | AB47: 0
A48: 29655 | B48: 1 | C48: 46112 | D48: =TODAY()-C48 -> 115 | E48: =IF(W48="ADMITIDO","ADMITIDO",IF(W48="CANCELADA","CANCELADA",IF(H48="","",IF(H48="ADMITIDO","ADMITIDO",IF(H48="CANCELADA","CANCELADA",IF(OR(H48="ANALISE CANCELAMENTO",H48="ANÁLISE CANCELAMENTO"),"EM ANÁLISE",IF(D48="","",IF(D48<=7,"NO PRAZO",IF(D48<=14,"ATENÇÃO","CRÍTICO"))))))))) -> ADMITIDO | F48: SEGURANÇA | G48: ELONY | H48: ADMITIDO | I48: =IF(W48="ADMITIDO","ADMITIDO",IF(W48="CANCELADA","CANCELADA",IF(H48="","",IFERROR(_xlfn.XLOOKUP(H48,Listas!I:I,Listas!J:J),"OUTROS")))) -> ADMITIDO | J48: VIGIA 9 | K48: MARCELO RODRIGUES CARUNCHO CARNAVAL | L48: CAMPINAS3 - RESERVA TECNICA - SEGURANCA | M48: RESERVAS | N48: DIURNO | O48: 12X36 | P48: 12H - 06:00 - 18:00 C/ 1H INTERV | T48: ANA | U48: 46141 | V48: ALINE NASCIMENTO MOTA | W48: ADMITIDO | X48: 46146 | Y48: 46147 | Z48: 914211 | AB48: 0
A49: 29639 | B49: 1 | C49: 46112 | D49: =TODAY()-C49 -> 115 | E49: =IF(W49="ADMITIDO","ADMITIDO",IF(W49="CANCELADA","CANCELADA",IF(H49="","",IF(H49="ADMITIDO","ADMITIDO",IF(H49="CANCELADA","CANCELADA",IF(OR(H49="ANALISE CANCELAMENTO",H49="ANÁLISE CANCELAMENTO"),"EM ANÁLISE",IF(D49="","",IF(D49<=7,"NO PRAZO",IF(D49<=14,"ATENÇÃO","CRÍTICO"))))))))) -> CANCELADA | F49: FACILITIES | G49: GIOVANNA | H49: CANCELADA | I49: =IF(W49="ADMITIDO","ADMITIDO",IF(W49="CANCELADA","CANCELADA",IF(H49="","",IFERROR(_xlfn.XLOOKUP(H49,Listas!I:I,Listas!J:J),"OUTROS")))) -> CANCELADA | J49: AUXILIAR DE LIMPEZA | K49: THAIS ALVES DE SOUZA | L49: CANTO DA NATUREZA | M49: JUNDIAÍ | N49: DIURNO | O49: 6X1 TROCA SÁB/DOM FOLGA FER | P49: 09H - 07:00-16:00 C/INT SEG- SEX/04H S/D | Q49: 28/04 - Vaga fechada pelo William | W49: CANCELADA | AA49: em 04.05 Silvana declinou do processo, pois arrumou outro trabalho | AB49: 0
A50: 29648 | B50: 1 | C50: 46112 | D50: =TODAY()-C50 -> 115 | E50: =IF(W50="ADMITIDO","ADMITIDO",IF(W50="CANCELADA","CANCELADA",IF(H50="","",IF(H50="ADMITIDO","ADMITIDO",IF(H50="CANCELADA","CANCELADA",IF(OR(H50="ANALISE CANCELAMENTO",H50="ANÁLISE CANCELAMENTO"),"EM ANÁLISE",IF(D50="","",IF(D50<=7,"NO PRAZO",IF(D50<=14,"ATENÇÃO","CRÍTICO"))))))))) -> ADMITIDO | F50: FACILITIES | G50: WILLIAM | H50: =W50 -> ADMITIDO | I50: =IF(W50="ADMITIDO","ADMITIDO",IF(W50="CANCELADA","CANCELADA",IF(H50="","",IFERROR(_xlfn.XLOOKUP(H50,Listas!I:I,Listas!J:J),"OUTROS")))) -> ADMITIDO | J50: AUXILIAR DE LIMPEZA | K50: CRISTIANE APARECIDA VIANA DA SILVA | L50: M CASSAB - JARINU | M50: JARINU | N50: DIURNO | O50: 5X2 FOLGA SÁB/DOM/FER | P50: 09:48H - 08:00 - 17:48 C/INT - 08:48 SEX | Q50: CANDIDATA ROSELI APROVADA | T50: PATRICIA | U50: 15/04 | V50: Roseli Ribeiro | W50: ADMITIDO | X50: 46132 | Y50: 46134 | Z50: 145866 | AB50: 0
A51: 29657 | B51: 1 | C51: 46112 | D51: =TODAY()-C51 -> 115 | E51: =IF(W51="ADMITIDO","ADMITIDO",IF(W51="CANCELADA","CANCELADA",IF(H51="","",IF(H51="ADMITIDO","ADMITIDO",IF(H51="CANCELADA","CANCELADA",IF(OR(H51="ANALISE CANCELAMENTO",H51="ANÁLISE CANCELAMENTO"),"EM ANÁLISE",IF(D51="","",IF(D51<=7,"NO PRAZO",IF(D51<=14,"ATENÇÃO","CRÍTICO"))))))))) -> CRÍTICO | F51: FACILITIES | G51: WILLIAM | H51: EM DOCUMENTAÇÃO 3 | I51: =IF(W51="ADMITIDO","ADMITIDO",IF(W51="CANCELADA","CANCELADA",IF(H51="","",IFERROR(_xlfn.XLOOKUP(H51,Listas!I:I,Listas!J:J),"OUTROS")))) -> DOCUMENTAÇÃO | J51: AUXILIAR DE SERVIÇOS GERAIS | K51: AMADEUS DANTAS SILVA FELIX | L51: MUTIRAO - JUNDIAI - DIURNO | M51: JUNDIAÍ | N51: DIURNO | O51: 6X1 FOLGA DOM/FER | P51: 09H - 07:00-16:00 C/INT SEG- SEX/04H SAB | Q51: JHONATAN ( Fechado por Giovana)| | R51: RECEPTIVO NO WHATSAPP | T51: BEATRIZ | U51: 46148 | V51: JONATHAN ANNIBAL DOS SANTOS | W51: EM ASO | AB51: 0
A52: 29643 | B52: 1 | C52: 46112 | D52: =TODAY()-C52 -> 115 | E52: =IF(W52="ADMITIDO","ADMITIDO",IF(W52="CANCELADA","CANCELADA",IF(H52="","",IF(H52="ADMITIDO","ADMITIDO",IF(H52="CANCELADA","CANCELADA",IF(OR(H52="ANALISE CANCELAMENTO",H52="ANÁLISE CANCELAMENTO"),"EM ANÁLISE",IF(D52="","",IF(D52<=7,"NO PRAZO",IF(D52<=14,"ATENÇÃO","CRÍTICO"))))))))) -> ADMITIDO | F52: SEGURANÇA | G52: FREITAS | H52: =W52 -> ADMITIDO | I52: =IF(W52="ADMITIDO","ADMITIDO",IF(W52="CANCELADA","CANCELADA",IF(H52="","",IFERROR(_xlfn.XLOOKUP(H52,Listas!I:I,Listas!J:J),"OUTROS")))) -> ADMITIDO | J52: VIGIA | K52: AUDO MOREIRA DOS SANTOS | L52: SP2 - FERISTA - SEGURANCA | M52: RESERVAS | N52: DIURNO | O52: 12X36 | P52: 12H - 07:00 - 19:00 C/ 01H INTERV | S52: 11984950081 | T52: ROSI | U52: 46135 | V52: GABRIEL FIGUEIREDO DE LIMA MENDONÇA | W52: ADMITIDO | X52: 46141 | Y52: 46142 | Z52: 914186 | AB52: 0
A53: 29633 | B53: 1 | C53: 46112 | D53: =TODAY()-C53 -> 115 | E53: =IF(W53="ADMITIDO","ADMITIDO",IF(W53="CANCELADA","CANCELADA",IF(H53="","",IF(H53="ADMITIDO","ADMITIDO",IF(H53="CANCELADA","CANCELADA",IF(OR(H53="ANALISE CANCELAMENTO",H53="ANÁLISE CANCELAMENTO"),"EM ANÁLISE",IF(D53="","",IF(D53<=7,"NO PRAZO",IF(D53<=14,"ATENÇÃO","CRÍTICO"))))))))) -> CRÍTICO | F53: FACILITIES | G53: FREITAS | H53: EM DOCUMENTAÇÃO 3 | I53: =IF(W53="ADMITIDO","ADMITIDO",IF(W53="CANCELADA","CANCELADA",IF(H53="","",IFERROR(_xlfn.XLOOKUP(H53,Listas!I:I,Listas!J:J),"OUTROS")))) -> DOCUMENTAÇÃO | J53: AUXILIAR DE LIMPEZA | K53: MARICLEIA CARDOSO SOARES | L53: SP7 - RESERVA TECNICA - FULWOOD SÃO ROQUE | M53: RESERVAS | N53: DIURNO | O53: 5X2 FOLGA SÁB/DOM/FER | P53: 10H - 07:00 - 17:00 C/ 1HR12 MIN INTERV | Q53: 24/04- Eunice desistiu da vaga - 05/05 - Maria Antonia desistiu da vaga | S53: 11912384302 | T53: PATRICIA | U53: 46150 | V53: ELITANIA EVANGELISTA DOS SANTOS | W53: INTEGRAÇÃO PROGRAMADA | X53: 46160 | Y53: 18/5 | Z53: 145966 | AB53: 0
A54: 29668 | B54: 1 | C54: 46113 | D54: =TODAY()-C54 -> 114 | E54: =IF(W54="ADMITIDO","ADMITIDO",IF(W54="CANCELADA","CANCELADA",IF(H54="","",IF(H54="ADMITIDO","ADMITIDO",IF(H54="CANCELADA","CANCELADA",IF(OR(H54="ANALISE CANCELAMENTO",H54="ANÁLISE CANCELAMENTO"),"EM ANÁLISE",IF(D54="","",IF(D54<=7,"NO PRAZO",IF(D54<=14,"ATENÇÃO","CRÍTICO"))))))))) -> ADMITIDO | F54: SEGURANÇA | G54: GIOVANNA | H54: =W54 -> ADMITIDO | I54: =IF(W54="ADMITIDO","ADMITIDO",IF(W54="CANCELADA","CANCELADA",IF(H54="","",IFERROR(_xlfn.XLOOKUP(H54,Listas!I:I,Listas!J:J),"OUTROS")))) -> ADMITIDO | J54: VIGIA 9 | K54: EVALDO ALMEIDA SANTOS | M54: RESERVAS | N54: NOTURNO | O54: 12X36 | P54: 12H - 18:00 - 06:00 C/ 1H INTERV | R54: WHATSAPP | T54: RITA | U54: 46136 | V54: ELISEU ENZO | W54: ADMITIDO | X54: 46140 | Y54: 46141 | Z54: 914187 | AB54: 0
A55: 29602 | B55: 1 | C55: 46113 | D55: =TODAY()-C55 -> 114 | E55: =IF(W55="ADMITIDO","ADMITIDO",IF(W55="CANCELADA","CANCELADA",IF(H55="","",IF(H55="ADMITIDO","ADMITIDO",IF(H55="CANCELADA","CANCELADA",IF(OR(H55="ANALISE CANCELAMENTO",H55="ANÁLISE CANCELAMENTO"),"EM ANÁLISE",IF(D55="","",IF(D55<=7,"NO PRAZO",IF(D55<=14,"ATENÇÃO","CRÍTICO"))))))))) -> ADMITIDO | F55: FACILITIES | G55: ELONY | H55: =W55 -> ADMITIDO | I55: =IF(W55="ADMITIDO","ADMITIDO",IF(W55="CANCELADA","CANCELADA",IF(H55="","",IFERROR(_xlfn.XLOOKUP(H55,Listas!I:I,Listas!J:J),"OUTROS")))) -> ADMITIDO | J55: AUXILIAR DE LIMPEZA | K55: ELIANA MARIA MOREIRA BRANSANI | L55: CAMPINAS5 - RESERVA TECNICA - FACILITIES | M55: RESERVAS | N55: DIURNO | O55: 12X36 | P55: 12H - 06:00 - 18:00 C/ 1H INTERV | S55: 19 99429 2749 | T55: ANA | U55: 46147 | V55: MARTILIA OLIVEIRA DUTRA | W55: ADMITIDO | X55: 46150 | Y55: 46151 | Z55: 145934 | AB55: 0
A56: 29609 | B56: 1 | C56: 46113 | D56: =TODAY()-C56 -> 114 | E56: =IF(W56="ADMITIDO","ADMITIDO",IF(W56="CANCELADA","CANCELADA",IF(H56="","",IF(H56="ADMITIDO","ADMITIDO",IF(H56="CANCELADA","CANCELADA",IF(OR(H56="ANALISE CANCELAMENTO",H56="ANÁLISE CANCELAMENTO"),"EM ANÁLISE",IF(D56="","",IF(D56<=7,"NO PRAZO",IF(D56<=14,"ATENÇÃO","CRÍTICO"))))))))) -> ADMITIDO | F56: FACILITIES | G56: WILLIAM | H56: =W56 -> ADMITIDO | I56: =IF(W56="ADMITIDO","ADMITIDO",IF(W56="CANCELADA","CANCELADA",IF(H56="","",IFERROR(_xlfn.XLOOKUP(H56,Listas!I:I,Listas!J:J),"OUTROS")))) -> ADMITIDO | J56: AUXILIAR DE LIMPEZA | K56: CRISTIANE APARECIDA VIANA DA SILVA | L56: FACILITIES3 - FERISTA | M56: RESERVAS | N56: DIURNO | O56: 6X1 FOLGA DOM/FER | P56: 09H - 07:00-16:00 C/INT SEG- SEX/04H SAB | Q56: CANDIDATA DANIELA RODRIGUES | T56: RITA | U56: 46132 | V56: Daniela rodrigues | W56: ADMITIDO | X56: 46139 | Y56: 46140 | Z56: 145890 | AB56: 0
A57: 29649 | B57: 1 | C57: 46113 | D57: =TODAY()-C57 -> 114 | E57: =IF(W57="ADMITIDO","ADMITIDO",IF(W57="CANCELADA","CANCELADA",IF(H57="","",IF(H57="ADMITIDO","ADMITIDO",IF(H57="CANCELADA","CANCELADA",IF(OR(H57="ANALISE CANCELAMENTO",H57="ANÁLISE CANCELAMENTO"),"EM ANÁLISE",IF(D57="","",IF(D57<=7,"NO PRAZO",IF(D57<=14,"ATENÇÃO","CRÍTICO"))))))))) -> CRÍTICO | F57: FACILITIES | G57: ANDREIA | H57: TRIAGEM 2 | I57: =IF(W57="ADMITIDO","ADMITIDO",IF(W57="CANCELADA","CANCELADA",IF(H57="","",IFERROR(_xlfn.XLOOKUP(H57,Listas!I:I,Listas!J:J),"OUTROS")))) -> TRIAGEM | J57: AUXILIAR DE LIMPEZA | K57: CRISTIANE APARECIDA VIANA DA SILVA | L57: FACILITIES3 - RESERVA TECNICA | M57: RESERVAS | N57: DIURNO | O57: 5X2 FOLGA SÁB/DOM/FER | P57: 09:48H - 06:00 - 15:48 C/ 1H INTERV | AB57: 0
A58: 29689 | B58: 1 | C58: 46113 | D58: =TODAY()-C58 -> 114 | E58: =IF(W58="ADMITIDO","ADMITIDO",IF(W58="CANCELADA","CANCELADA",IF(H58="","",IF(H58="ADMITIDO","ADMITIDO",IF(H58="CANCELADA","CANCELADA",IF(OR(H58="ANALISE CANCELAMENTO",H58="ANÁLISE CANCELAMENTO"),"EM ANÁLISE",IF(D58="","",IF(D58<=7,"NO PRAZO",IF(D58<=14,"ATENÇÃO","CRÍTICO"))))))))) -> ADMITIDO | F58: FACILITIES | G58: AMANDA | H58: =W58 -> ADMITIDO | I58: =IF(W58="ADMITIDO","ADMITIDO",IF(W58="CANCELADA","CANCELADA",IF(H58="","",IFERROR(_xlfn.XLOOKUP(H58,Listas!I:I,Listas!J:J),"OUTROS")))) -> ADMITIDO | J58: AUXILIAR DE LIMPEZA | K58: FLAVIA BATISTA DE LIMA | L58: FACILITIES4 - RESERVA TECNICA | M58: RESERVAS | N58: DIURNO | O58: 6X1 FOLGA DOM/FER | P58: 08:20H - 06:00 - 14:20 C/ 1H INTERV* | Q58: Candidato desistiu da vaga dia 23/04 | S58: +55 11 96659-2179 | T58: BEATRIZ | U58: 46135 | V58: CRISTIANE SANTOS DOS SANTOS | W58: ADMITIDO | X58: 46140 | Y58: 46141 | Z58: 145901 | AA58: ASO OK aguardando documentos | AB58: 0
A59: 29604 | B59: 1 | C59: 46113 | D59: =TODAY()-C59 -> 114 | E59: =IF(W59="ADMITIDO","ADMITIDO",IF(W59="CANCELADA","CANCELADA",IF(H59="","",IF(H59="ADMITIDO","ADMITIDO",IF(H59="CANCELADA","CANCELADA",IF(OR(H59="ANALISE CANCELAMENTO",H59="ANÁLISE CANCELAMENTO"),"EM ANÁLISE",IF(D59="","",IF(D59<=7,"NO PRAZO",IF(D59<=14,"ATENÇÃO","CRÍTICO"))))))))) -> ADMITIDO | F59: FACILITIES | G59: ELONY | H59: ADMITIDO | I59: =IF(W59="ADMITIDO","ADMITIDO",IF(W59="CANCELADA","CANCELADA",IF(H59="","",IFERROR(_xlfn.XLOOKUP(H59,Listas!I:I,Listas!J:J),"OUTROS")))) -> ADMITIDO | J59: AUXILIAR DE LIMPEZA | K59: ELIANA MARIA MOREIRA BRANSANI | L59: FACULDADE SAO LEOPOLDO MANDIC - MATRIZ | M59: CAMPINAS | N59: DIURNO | O59: 6X1 FOLGA DOM/FER | P59: 08:20H - 13:40 - 22:00 C/ 1H INTERV | T59: ANA | U59: 46154 | V59: CLARISSE MARIA DA SILVA | W59: ADMITIDO | X59: 46157 | Y59: 46158 | Z59: 145944 | AA59: Márcia Godois informou no dia 11/05 que declinou da vaga por motivos pessoais | AB59: 0
A60: 29684 | B60: 1 | C60: 46113 | D60: =TODAY()-C60 -> 114 | E60: =IF(W60="ADMITIDO","ADMITIDO",IF(W60="CANCELADA","CANCELADA",IF(H60="","",IF(H60="ADMITIDO","ADMITIDO",IF(H60="CANCELADA","CANCELADA",IF(OR(H60="ANALISE CANCELAMENTO",H60="ANÁLISE CANCELAMENTO"),"EM ANÁLISE",IF(D60="","",IF(D60<=7,"NO PRAZO",IF(D60<=14,"ATENÇÃO","CRÍTICO"))))))))) -> CANCELADA | F60: FACILITIES | G60: AMANDA | H60: CANCELADA | I60: =IF(W60="ADMITIDO","ADMITIDO",IF(W60="CANCELADA","CANCELADA",IF(H60="","",IFERROR(_xlfn.XLOOKUP(H60,Listas!I:I,Listas!J:J),"OUTROS")))) -> CANCELADA | J60: AUXILIAR DE SERVIÇOS GERAIS | K60: FLAVIA BATISTA DE LIMA | L60: FAREVA | M60: ITUPEVA | N60: DIURNO | O60: 6X1 FOLGA DOM/FER | P60: 08:20H - 05:00 - 14:20 C/ 1H INTERV | W60: CANCELADA | AB60: 0
A61: 29685 | B61: 1 | C61: 46113 | D61: =TODAY()-C61 -> 114 | E61: =IF(W61="ADMITIDO","ADMITIDO",IF(W61="CANCELADA","CANCELADA",IF(H61="","",IF(H61="ADMITIDO","ADMITIDO",IF(H61="CANCELADA","CANCELADA",IF(OR(H61="ANALISE CANCELAMENTO",H61="ANÁLISE CANCELAMENTO"),"EM ANÁLISE",IF(D61="","",IF(D61<=7,"NO PRAZO",IF(D61<=14,"ATENÇÃO","CRÍTICO"))))))))) -> ADMITIDO | F61: FACILITIES | G61: AMANDA | H61: =W61 -> ADMITIDO | I61: =IF(W61="ADMITIDO","ADMITIDO",IF(W61="CANCELADA","CANCELADA",IF(H61="","",IFERROR(_xlfn.XLOOKUP(H61,Listas!I:I,Listas!J:J),"OUTROS")))) -> ADMITIDO | J61: AUXILIAR DE SERVIÇOS GERAIS | K61: FLAVIA BATISTA DE LIMA | L61: FAREVA | M61: ITUPEVA | N61: DIURNO | O61: 6X1 FOLGA DOM/FER | P61: 08:20H - 05:00 - 13:20 C/ 1H INTERV | S61: 11 93082-7211 | T61: BEATRIZ | U61: 46132 | V61: STEPHANY CARVALHO DE SOUZA | W61: ADMITIDO | X61: 46132 | Y61: 46134 | Z61: 145868 | AB61: 0
A62: 29671 | B62: 1 | C62: 46113 | D62: =TODAY()-C62 -> 114 | E62: =IF(W62="ADMITIDO","ADMITIDO",IF(W62="CANCELADA","CANCELADA",IF(H62="","",IF(H62="ADMITIDO","ADMITIDO",IF(H62="CANCELADA","CANCELADA",IF(OR(H62="ANALISE CANCELAMENTO",H62="ANÁLISE CANCELAMENTO"),"EM ANÁLISE",IF(D62="","",IF(D62<=7,"NO PRAZO",IF(D62<=14,"ATENÇÃO","CRÍTICO"))))))))) -> ADMITIDO | F62: FACILITIES | G62: AMANDA | H62: ADMITIDO | I62: =IF(W62="ADMITIDO","ADMITIDO",IF(W62="CANCELADA","CANCELADA",IF(H62="","",IFERROR(_xlfn.XLOOKUP(H62,Listas!I:I,Listas!J:J),"OUTROS")))) -> ADMITIDO | J62: AUXILIAR DE LIMPEZA | K62: FLAVIA BATISTA DE LIMA | L62: PLASTAMP SUDESTE - CORPAK | M62: ITUPEVA | N62: DIURNO | O62: 6X1 FOLGA DOM/FER | P62: 08:35H-14:00 - 22:35 C/ INT 04 HR SAB | Q62: Candidata conseguiu outra oportunidade | S62: 11 99771-7031 | T62: LUANA | U62: 46141 | V62: CAMILA CONTUGNO DOS SANTOS | W62: ADMITIDO | X62: 46146 | Y62: 46148 | Z62: 914213 | AA62: 23.04 -Ana Paulda declinou da vaga, pois arrumou outro trabalho | AB62: 0
A63: 29694 | B63: 1 | C63: 46113 | D63: =TODAY()-C63 -> 114 | E63: =IF(W63="ADMITIDO","ADMITIDO",IF(W63="CANCELADA","CANCELADA",IF(H63="","",IF(H63="ADMITIDO","ADMITIDO",IF(H63="CANCELADA","CANCELADA",IF(OR(H63="ANALISE CANCELAMENTO",H63="ANÁLISE CANCELAMENTO"),"EM ANÁLISE",IF(D63="","",IF(D63<=7,"NO PRAZO",IF(D63<=14,"ATENÇÃO","CRÍTICO"))))))))) -> ADMITIDO | F63: VIGILANCIA | G63: NATHALYA | H63: ADMITIDO | I63: =IF(W63="ADMITIDO","ADMITIDO",IF(W63="CANCELADA","CANCELADA",IF(H63="","",IFERROR(_xlfn.XLOOKUP(H63,Listas!I:I,Listas!J:J),"OUTROS")))) -> ADMITIDO | J63: VIGILANTE | K63: HERNANE DE OLIVEIRA | L63: SUPERVISOR1 - RESERVA TECNICA - SEGURANCA | M63: RESERVAS | N63: NOTURNO | O63: 12X36 | P63: 12H - 18:00 - 06:00 C/ 1H INTERV | Q63: CANDIDATA KETLYN EM PESQUISA 05/05 - CANDIDATA KETLYN APROVADA 07/05 | S63: 11 91752-9475 | T63: LUANA | U63: 46149 | V63: KETLYN CRISTINA GODOI | W63: ADMITIDO | X63: 46150 | Y63: 46153 | Z63: 83281 | AB63: 0
B64: 1 | C64: 46113 | D64: =TODAY()-C64 -> 114 | E64: =IF(W64="ADMITIDO","ADMITIDO",IF(W64="CANCELADA","CANCELADA",IF(H64="","",IF(H64="ADMITIDO","ADMITIDO",IF(H64="CANCELADA","CANCELADA",IF(OR(H64="ANALISE CANCELAMENTO",H64="ANÁLISE CANCELAMENTO"),"EM ANÁLISE",IF(D64="","",IF(D64<=7,"NO PRAZO",IF(D64<=14,"ATENÇÃO","CRÍTICO"))))))))) -> ADMITIDO | F64: VIGILANCIA | G64: NATHALYA | H64: ADMITIDO | I64: =IF(W64="ADMITIDO","ADMITIDO",IF(W64="CANCELADA","CANCELADA",IF(H64="","",IFERROR(_xlfn.XLOOKUP(H64,Listas!I:I,Listas!J:J),"OUTROS")))) -> ADMITIDO | J64: VIGILANTE | K64: HERNANE DE OLIVEIRA | L64: SUPERVISOR1 - RESERVA TECNICA - SEGURANCA | M64: JUNDIAÍ | N64: NOTURNO | O64: 12X36 | P64: 12H - 18:00 - 06:00 C/ 1H INTERV | Q64: CANDIDATO JANDERSON EM PESQUISA 08/05 - CANDIDATO JANDERSON APROVADO 11/05 | R64: WHATSAPP | S64: 11 96852-6626 | T64: BEATRIZ | U64: 46153 | V64: JANDERSON DA SILVA CONCEIÇÃO | W64: ADMITIDO | X64: 46155 | Y64: 46157 | Z64: 83289 | AB64: 0
A65: 29641 | B65: 1 | C65: 46113 | D65: =TODAY()-C65 -> 114 | E65: =IF(W65="ADMITIDO","ADMITIDO",IF(W65="CANCELADA","CANCELADA",IF(H65="","",IF(H65="ADMITIDO","ADMITIDO",IF(H65="CANCELADA","CANCELADA",IF(OR(H65="ANALISE CANCELAMENTO",H65="ANÁLISE CANCELAMENTO"),"EM ANÁLISE",IF(D65="","",IF(D65<=7,"NO PRAZO",IF(D65<=14,"ATENÇÃO","CRÍTICO"))))))))) -> ADMITIDO | F65: SEGURANÇA | G65: WILLIAM | H65: =W65 -> ADMITIDO | I65: =IF(W65="ADMITIDO","ADMITIDO",IF(W65="CANCELADA","CANCELADA",IF(H65="","",IFERROR(_xlfn.XLOOKUP(H65,Listas!I:I,Listas!J:J),"OUTROS")))) -> ADMITIDO | J65: VIGIA 9 | K65: ALISSON DEIVID SILVA MACHADO | L65: SUPERVISOR4 - FERISTA - SEGURANCA | M65: RESERVAS | N65: NOTURNO | O65: 12X36 | P65: 12H - 18:00 - 06:00 C/ 1H INTERV | Q65: CANDIDATO MATHEUS SOBRINHO | T65: PATRICIA | U65: 46129 | V65: Matheus Sobrinho | W65: ADMITIDO | X65: 46139 | Y65: 46140 | Z65: 914183 | AB65: 0
A66: 29679 | B66: 1 | C66: 46113 | D66: =TODAY()-C66 -> 114 | E66: =IF(W66="ADMITIDO","ADMITIDO",IF(W66="CANCELADA","CANCELADA",IF(H66="","",IF(H66="ADMITIDO","ADMITIDO",IF(H66="CANCELADA","CANCELADA",IF(OR(H66="ANALISE CANCELAMENTO",H66="ANÁLISE CANCELAMENTO"),"EM ANÁLISE",IF(D66="","",IF(D66<=7,"NO PRAZO",IF(D66<=14,"ATENÇÃO","CRÍTICO"))))))))) -> ADMITIDO | F66: SEGURANÇA | G66: NATHALYA | H66: =W66 -> ADMITIDO | I66: =IF(W66="ADMITIDO","ADMITIDO",IF(W66="CANCELADA","CANCELADA",IF(H66="","",IFERROR(_xlfn.XLOOKUP(H66,Listas!I:I,Listas!J:J),"OUTROS")))) -> ADMITIDO | J66: VIGIA 9 | K66: EMERSON AMORIM MACEDO | L66: SUPERVISOR5 - FERISTA - SEGURANCA | M66: RESERVAS | N66: DIURNO | O66: 12X36 | P66: 12H - 06:00 - 18:00 C/ 1H INTERV | S66: 11 93447-3004 | T66: RITA | U66: 46140 | V66: ERIKA NUNES DE BRITO BARBOSA | W66: ADMITIDO | X66: 46142 | Y66: 46147 | Z66: 914207 | AB66: 0
A67: 29660 | B67: 1 | C67: 46113 | D67: =TODAY()-C67 -> 114 | E67: =IF(W67="ADMITIDO","ADMITIDO",IF(W67="CANCELADA","CANCELADA",IF(H67="","",IF(H67="ADMITIDO","ADMITIDO",IF(H67="CANCELADA","CANCELADA",IF(OR(H67="ANALISE CANCELAMENTO",H67="ANÁLISE CANCELAMENTO"),"EM ANÁLISE",IF(D67="","",IF(D67<=7,"NO PRAZO",IF(D67<=14,"ATENÇÃO","CRÍTICO"))))))))) -> CRÍTICO | F67: SEGURANÇA | G67: FREITAS | H67: EM DOCUMENTAÇÃO 2 | I67: =IF(W67="ADMITIDO","ADMITIDO",IF(W67="CANCELADA","CANCELADA",IF(H67="","",IFERROR(_xlfn.XLOOKUP(H67,Listas!I:I,Listas!J:J),"OUTROS")))) -> DOCUMENTAÇÃO | J67: VIGIA 9 | K67: MARCOS DE MENEZES SANTOS | L67: TIVOLI PARK | M67: SOROCABA | N67: NOTURNO | O67: 12X36 | P67: 12H - 18:00 - 06:00 C/ 1H INTERV | Q67: Candidato Mateus Henrique declinou da vaga dia 16/04 | S67: 15974019115 | T67: PATRICIA | U67: 46150 | V67: DANILO DA SILVA DOMINGUES | W67: INTEGRAÇÃO PROGRAMADA | X67: 16/5 | Y67: 16/05 | Z67: 914279 | AA67: Sorocaba | AB67: 0
A68: 29703 | B68: 1 | C68: 46114 | D68: =TODAY()-C68 -> 113 | E68: =IF(W68="ADMITIDO","ADMITIDO",IF(W68="CANCELADA","CANCELADA",IF(H68="","",IF(H68="ADMITIDO","ADMITIDO",IF(H68="CANCELADA","CANCELADA",IF(OR(H68="ANALISE CANCELAMENTO",H68="ANÁLISE CANCELAMENTO"),"EM ANÁLISE",IF(D68="","",IF(D68<=7,"NO PRAZO",IF(D68<=14,"ATENÇÃO","CRÍTICO"))))))))) -> ADMITIDO | F68: FACILITIES | G68: GIOVANNA | H68: ADMITIDO | I68: =IF(W68="ADMITIDO","ADMITIDO",IF(W68="CANCELADA","CANCELADA",IF(H68="","",IFERROR(_xlfn.XLOOKUP(H68,Listas!I:I,Listas!J:J),"OUTROS")))) -> ADMITIDO | J68: AUXILIAR DE LIMPEZA | K68: MIGUEL GIOSA PIVA | L68: ATMOSPHERA | M68: JUNDIAÍ | N68: DIURNO | O68: 6X1 TROCA SÁB/DOM | P68: 09H - 08:00-17:00 C/INT SEG- SEX/04H SD | R68: WHATSAPP | T68: RITA | U68: 46146 | V68: JESSICA BATISTA VIEIRA | W68: ADMITIDO | X68: 46156 | Y68: 46157 | Z68: 914283 | AA68: 30.04 declinamos com a candidata Laudicèia, pois não fez o exame e pediu um posto, mais próiximo. Porém, já tivemos problemas com ela em outro proceso que ela não compareceu na integração, sendo que pagamos a passagem pra ela | AB68: 0
A69: 29705 | B69: 1 | C69: 46114 | D69: =TODAY()-C69 -> 113 | E69: =IF(W69="ADMITIDO","ADMITIDO",IF(W69="CANCELADA","CANCELADA",IF(H69="","",IF(H69="ADMITIDO","ADMITIDO",IF(H69="CANCELADA","CANCELADA",IF(OR(H69="ANALISE CANCELAMENTO",H69="ANÁLISE CANCELAMENTO"),"EM ANÁLISE",IF(D69="","",IF(D69<=7,"NO PRAZO",IF(D69<=14,"ATENÇÃO","CRÍTICO"))))))))) -> CANCELADA | F69: FACILITIES | G69: ELONY | H69: CANCELADA | I69: =IF(W69="ADMITIDO","ADMITIDO",IF(W69="CANCELADA","CANCELADA",IF(H69="","",IFERROR(_xlfn.XLOOKUP(H69,Listas!I:I,Listas!J:J),"OUTROS")))) -> CANCELADA | J69: AGENTE DE HIGIENIZACAO | K69: ROSELI BERNARDO | L69: CAMPINAS6 - RESERVA TECNICA - FACILITIES | M69: RESERVAS | N69: DIURNO | O69: 6X1 FOLGA DOM/FER | P69: 08:20H - 06:00-14:20 C/ 1H INTERV | Q69: Por email Souza cancelou a vaga 20/04/2026 | W69: CANCELADA | AB69: 0
A70: 29698 | B70: 1 | C70: 46114 | D70: =TODAY()-C70 -> 113 | E70: =IF(W70="ADMITIDO","ADMITIDO",IF(W70="CANCELADA","CANCELADA",IF(H70="","",IF(H70="ADMITIDO","ADMITIDO",IF(H70="CANCELADA","CANCELADA",IF(OR(H70="ANALISE CANCELAMENTO",H70="ANÁLISE CANCELAMENTO"),"EM ANÁLISE",IF(D70="","",IF(D70<=7,"NO PRAZO",IF(D70<=14,"ATENÇÃO","CRÍTICO"))))))))) -> ADMITIDO | F70: FACILITIES | G70: AMANDA | H70: =W70 -> ADMITIDO | I70: =IF(W70="ADMITIDO","ADMITIDO",IF(W70="CANCELADA","CANCELADA",IF(H70="","",IFERROR(_xlfn.XLOOKUP(H70,Listas!I:I,Listas!J:J),"OUTROS")))) -> ADMITIDO | J70: AUXILIAR DE SERVIÇOS GERAIS | K70: FLAVIA BATISTA DE LIMA | L70: GEODIS LOGISTICA | M70: JUNDIAÍ | N70: DIURNO | O70: 6X1 FOLGA DOM/FER | P70: 09H -12:40-21:40 C/ INT SEG-SEX/04H SAB. | Q70: arrumou outra oportunidade/ Não responde e não atende | S70: +55 17 99193-1362 | T70: RITA | U70: 46147 | V70: MAIARA OLIVEIRA RAMOS | W70: ADMITIDO | X70: 46149 | Y70: 46153 | Z70: 914238 | AA70: NAGILA DO CARMO DE SOUZA - declinou 29/04 | AB70: 0
A71: 29696 | B71: 1 | C71: 46114 | D71: =TODAY()-C71 -> 113 | E71: =IF(W71="ADMITIDO","ADMITIDO",IF(W71="CANCELADA","CANCELADA",IF(H71="","",IF(H71="ADMITIDO","ADMITIDO",IF(H71="CANCELADA","CANCELADA",IF(OR(H71="ANALISE CANCELAMENTO",H71="ANÁLISE CANCELAMENTO"),"EM ANÁLISE",IF(D71="","",IF(D71<=7,"NO PRAZO",IF(D71<=14,"ATENÇÃO","CRÍTICO"))))))))) -> ADMITIDO | F71: SEGURANÇA | G71: FREITAS | H71: =W71 -> ADMITIDO | I71: =IF(W71="ADMITIDO","ADMITIDO",IF(W71="CANCELADA","CANCELADA",IF(H71="","",IFERROR(_xlfn.XLOOKUP(H71,Listas!I:I,Listas!J:J),"OUTROS")))) -> ADMITIDO | J71: VIGIA 9 | K71: AUDO MOREIRA DOS SANTOS | L71: SP2 - FERISTA - SEGURANCA | M71: RESERVAS | N71: NOTURNO | O71: 12X36 | P71: 12H - 19:00 - 07:00 C/ 1H INTERV | T71: ROSI | U71: 46128 | V71: Camili Fernandes | W71: ADMITIDO | X71: 46141 | Y71: 46147 | Z71: 914185 | AA71: 17/04 - Prates pediu para prorrogar admissão p/ 05/05 | AB71: 0
A72: 29695 | B72: 1 | C72: 46114 | D72: =TODAY()-C72 -> 113 | E72: =IF(W72="ADMITIDO","ADMITIDO",IF(W72="CANCELADA","CANCELADA",IF(H72="","",IF(H72="ADMITIDO","ADMITIDO",IF(H72="CANCELADA","CANCELADA",IF(OR(H72="ANALISE CANCELAMENTO",H72="ANÁLISE CANCELAMENTO"),"EM ANÁLISE",IF(D72="","",IF(D72<=7,"NO PRAZO",IF(D72<=14,"ATENÇÃO","CRÍTICO"))))))))) -> ADMITIDO | F72: VIGILANCIA | G72: FREITAS | H72: ADMITIDO | I72: =IF(W72="ADMITIDO","ADMITIDO",IF(W72="CANCELADA","CANCELADA",IF(H72="","",IFERROR(_xlfn.XLOOKUP(H72,Listas!I:I,Listas!J:J),"OUTROS")))) -> ADMITIDO | J72: VIGILANTE | K72: ANDERSON SILVA | L72: SUPERVISOR6 - FERISTA - SEGURANCA | M72: RESERVAS | N72: DIURNO | O72: 12X36 | P72: 12H - 07:00 - 19:00 C/ 1H INTERV | Q72: 28/04- David Desistiu da vaga | S72: 11966108244 | T72: PATRICIA | U72: 46148 | V72: BIANCA RIBEIRO CARDOSO | W72: ADMITIDO | X72: 46157 | Y72: 46157 | Z72: 83285 | AB72: 0
A73: 29723 | B73: 1 | C73: 46119 | D73: =TODAY()-C73 -> 108 | E73: =IF(W73="ADMITIDO","ADMITIDO",IF(W73="CANCELADA","CANCELADA",IF(H73="","",IF(H73="ADMITIDO","ADMITIDO",IF(H73="CANCELADA","CANCELADA",IF(OR(H73="ANALISE CANCELAMENTO",H73="ANÁLISE CANCELAMENTO"),"EM ANÁLISE",IF(D73="","",IF(D73<=7,"NO PRAZO",IF(D73<=14,"ATENÇÃO","CRÍTICO"))))))))) -> CANCELADA | F73: FACILITIES | G73: AMANDA | H73: CANCELADA | I73: =IF(W73="ADMITIDO","ADMITIDO",IF(W73="CANCELADA","CANCELADA",IF(H73="","",IFERROR(_xlfn.XLOOKUP(H73,Listas!I:I,Listas!J:J),"OUTROS")))) -> CANCELADA | J73: AUXILIAR DE LIMPEZA | K73: FLAVIA BATISTA DE LIMA | L73: FACILITIES4 - RESERVA TECNICA | M73: RESERVAS | N73: DIURNO | O73: 6X1 FOLGA DOM/FER | P73: 08:20H - 06:00 - 14:20 C/ 1H INTERV* | Q73: Vaga Cancelada Souza dia 22/04 | W73: CANCELADA | AB73: 0
A74: 29724 | B74: 1 | C74: 46119 | D74: =TODAY()-C74 -> 108 | E74: =IF(W74="ADMITIDO","ADMITIDO",IF(W74="CANCELADA","CANCELADA",IF(H74="","",IF(H74="ADMITIDO","ADMITIDO",IF(H74="CANCELADA","CANCELADA",IF(OR(H74="ANALISE CANCELAMENTO",H74="ANÁLISE CANCELAMENTO"),"EM ANÁLISE",IF(D74="","",IF(D74<=7,"NO PRAZO",IF(D74<=14,"ATENÇÃO","CRÍTICO"))))))))) -> CANCELADA | F74: FACILITIES | G74: AMANDA | H74: CANCELADA | I74: =IF(W74="ADMITIDO","ADMITIDO",IF(W74="CANCELADA","CANCELADA",IF(H74="","",IFERROR(_xlfn.XLOOKUP(H74,Listas!I:I,Listas!J:J),"OUTROS")))) -> CANCELADA | J74: AUXILIAR DE LIMPEZA | K74: FLAVIA BATISTA DE LIMA | L74: FACILITIES4 - RESERVA TECNICA | M74: RESERVAS | N74: DIURNO | O74: 6X1 FOLGA DOM/FER | P74: 08:20H - 13:40-22:00 C/ 1H INTERV | Q74: Vaga Cancelada Souza dia 22/04 | W74: CANCELADA | AB74: 0
A75: 29721 | B75: 1 | C75: 46119 | D75: =TODAY()-C75 -> 108 | E75: =IF(W75="ADMITIDO","ADMITIDO",IF(W75="CANCELADA","CANCELADA",IF(H75="","",IF(H75="ADMITIDO","ADMITIDO",IF(H75="CANCELADA","CANCELADA",IF(OR(H75="ANALISE CANCELAMENTO",H75="ANÁLISE CANCELAMENTO"),"EM ANÁLISE",IF(D75="","",IF(D75<=7,"NO PRAZO",IF(D75<=14,"ATENÇÃO","CRÍTICO"))))))))) -> CANCELADA | F75: VIGILANCIA | G75: ELONY | H75: CANCELADA | I75: =IF(W75="ADMITIDO","ADMITIDO",IF(W75="CANCELADA","CANCELADA",IF(H75="","",IFERROR(_xlfn.XLOOKUP(H75,Listas!I:I,Listas!J:J),"OUTROS")))) -> CANCELADA | J75: VIGILANTE BALANCEIRO | K75: MARCELO RODRIGUES CARUNCHO CARNAVAL | L75: SINTER - MATRIZ | M75: JUNDIAÍ | N75: DIURNO | O75: 12X36 | P75: 12H - 05:30 - 17:30 C/ 1H INTERV | Q75: Cancelada e confirmada por email Marcelo dia 30/04 | W75: CANCELADA | AB75: 0
B76: 1 | C76: 46119 | D76: =TODAY()-C76 -> 108 | E76: =IF(W76="ADMITIDO","ADMITIDO",IF(W76="CANCELADA","CANCELADA",IF(H76="","",IF(H76="ADMITIDO","ADMITIDO",IF(H76="CANCELADA","CANCELADA",IF(OR(H76="ANALISE CANCELAMENTO",H76="ANÁLISE CANCELAMENTO"),"EM ANÁLISE",IF(D76="","",IF(D76<=7,"NO PRAZO",IF(D76<=14,"ATENÇÃO","CRÍTICO"))))))))) -> CANCELADA | F76: VIGILANCIA | G76: ELONY | H76: CANCELADA | I76: =IF(W76="ADMITIDO","ADMITIDO",IF(W76="CANCELADA","CANCELADA",IF(H76="","",IFERROR(_xlfn.XLOOKUP(H76,Listas!I:I,Listas!J:J),"OUTROS")))) -> CANCELADA | J76: VIGILANTE BALANCEIRO | K76: MARCELO RODRIGUES CARUNCHO CARNAVAL | L76: SINTER - MATRIZ | M76: JUNDIAÍ | N76: DIURNO | O76: 12X36 | P76: 12H - 05:30 - 17:30 C/ 1H INTERV | W76: CANCELADA | AB76: 0
A77: 29719 | B77: 1 | C77: 46119 | D77: =TODAY()-C77 -> 108 | E77: =IF(W77="ADMITIDO","ADMITIDO",IF(W77="CANCELADA","CANCELADA",IF(H77="","",IF(H77="ADMITIDO","ADMITIDO",IF(H77="CANCELADA","CANCELADA",IF(OR(H77="ANALISE CANCELAMENTO",H77="ANÁLISE CANCELAMENTO"),"EM ANÁLISE",IF(D77="","",IF(D77<=7,"NO PRAZO",IF(D77<=14,"ATENÇÃO","CRÍTICO"))))))))) -> ADMITIDO | F77: VIGILANCIA | G77: ANDREIA | H77: ADMITIDO | I77: =IF(W77="ADMITIDO","ADMITIDO",IF(W77="CANCELADA","CANCELADA",IF(H77="","",IFERROR(_xlfn.XLOOKUP(H77,Listas!I:I,Listas!J:J),"OUTROS")))) -> ADMITIDO | J77: VIGILANTE | K77: SANDRO APARECIDO FABIANO | L77: SUPERVISOR3 - RESERVA TECNICA - SEGURANCA | M77: RESERVAS | N77: DIURNO | O77: 12X36 | P77: 12H - 06:00 - 18:00 C/ 1H INTERV | R77: FACEBOOK | T77: BEATRIZ | U77: 46155 | V77: GERLÂNIA MARIA FERREIRA ALVES | W77: ADMITIDO | X77: 46157 | Y77: 46161 | Z77: 83295 | AB77: 0
B78: 1 | C78: 46120 | D78: =TODAY()-C78 -> 107 | E78: =IF(W78="ADMITIDO","ADMITIDO",IF(W78="CANCELADA","CANCELADA",IF(H78="","",IF(H78="ADMITIDO","ADMITIDO",IF(H78="CANCELADA","CANCELADA",IF(OR(H78="ANALISE CANCELAMENTO",H78="ANÁLISE CANCELAMENTO"),"EM ANÁLISE",IF(D78="","",IF(D78<=7,"NO PRAZO",IF(D78<=14,"ATENÇÃO","CRÍTICO"))))))))) -> ADMITIDO | F78: FACILITIES | G78: ANDREIA | H78: ADMITIDO | I78: =IF(W78="ADMITIDO","ADMITIDO",IF(W78="CANCELADA","CANCELADA",IF(H78="","",IFERROR(_xlfn.XLOOKUP(H78,Listas!I:I,Listas!J:J),"OUTROS")))) -> ADMITIDO | J78: VIGILANTE | K78: SANDRO APARECIDO FABIANO | L78: SUPERVISOR3 - RESERVA TECNICA - SEGURANCA | M78: RESERVAS | N78: DIURNO | O78: 12X36 | P78: 12H - 06:00 - 18:00 C/ 1H INTERV | S78: 11 98795-9771 | T78: RITA | U78: 46129 | V78: ALDIRENE DE PAULA GOMES | W78: ADMITIDO | X78: 46135 | Y78: 46136 | Z78: 83272 | AB78: 0
A79: 29755 | B79: 1 | C79: 46120 | D79: =TODAY()-C79 -> 107 | E79: =IF(W79="ADMITIDO","ADMITIDO",IF(W79="CANCELADA","CANCELADA",IF(H79="","",IF(H79="ADMITIDO","ADMITIDO",IF(H79="CANCELADA","CANCELADA",IF(OR(H79="ANALISE CANCELAMENTO",H79="ANÁLISE CANCELAMENTO"),"EM ANÁLISE",IF(D79="","",IF(D79<=7,"NO PRAZO",IF(D79<=14,"ATENÇÃO","CRÍTICO"))))))))) -> ADMITIDO | F79: FACILITIES | G79: FREITAS | H79: ADMITIDO | I79: =IF(W79="ADMITIDO","ADMITIDO",IF(W79="CANCELADA","CANCELADA",IF(H79="","",IFERROR(_xlfn.XLOOKUP(H79,Listas!I:I,Listas!J:J),"OUTROS")))) -> ADMITIDO | J79: AUXILIAR DE LIMPEZA | K79: KELLY ROBERTA FRATUCCI | L79: BRICKLOG GUARULHOS | M79: GUARULHOS | N79: NOTURNO | O79: 12X36 | P79: 12H - 18:00 - 06:00 C/ 1H INTERV | R79: RE: 145732 - ROSEMARY | T79: ROSI | U79: 46127 | V79: Oselia Eulina De Araujo | W79: ADMITIDO | X79: 46136 | Y79: 46139 | Z79: 145879 | AB79: 0
A80: 29743 | B80: 1 | C80: 46120 | D80: =TODAY()-C80 -> 107 | E80: =IF(W80="ADMITIDO","ADMITIDO",IF(W80="CANCELADA","CANCELADA",IF(H80="","",IF(H80="ADMITIDO","ADMITIDO",IF(H80="CANCELADA","CANCELADA",IF(OR(H80="ANALISE CANCELAMENTO",H80="ANÁLISE CANCELAMENTO"),"EM ANÁLISE",IF(D80="","",IF(D80<=7,"NO PRAZO",IF(D80<=14,"ATENÇÃO","CRÍTICO"))))))))) -> CRÍTICO | F80: FACILITIES | G80: ELONY | H80: TRIAGEM 1 | I80: =IF(W80="ADMITIDO","ADMITIDO",IF(W80="CANCELADA","CANCELADA",IF(H80="","",IFERROR(_xlfn.XLOOKUP(H80,Listas!I:I,Listas!J:J),"OUTROS")))) -> TRIAGEM | J80: AUXILIAR DE LIMPEZA 23 | K80: GISLENE BESSA DOS SANTOS LOPES | L80: CAEP | M80: CAMPINAS | N80: DIURNO | O80: 6X1 FOLGA QUINTA | P80: 08:20H - 06:00 - 14:20 C/ 1H INTERV* | AA80: Declinou MARIA EDUARDA NASCIMENTO DOS SANTOS | AB80: 0
A81: 29741 | B81: 1 | C81: 46120 | D81: =TODAY()-C81 -> 107 | E81: =IF(W81="ADMITIDO","ADMITIDO",IF(W81="CANCELADA","CANCELADA",IF(H81="","",IF(H81="ADMITIDO","ADMITIDO",IF(H81="CANCELADA","CANCELADA",IF(OR(H81="ANALISE CANCELAMENTO",H81="ANÁLISE CANCELAMENTO"),"EM ANÁLISE",IF(D81="","",IF(D81<=7,"NO PRAZO",IF(D81<=14,"ATENÇÃO","CRÍTICO"))))))))) -> ADMITIDO | F81: SEGURANÇA | G81: FREITAS | H81: =W81 -> ADMITIDO | I81: =IF(W81="ADMITIDO","ADMITIDO",IF(W81="CANCELADA","CANCELADA",IF(H81="","",IFERROR(_xlfn.XLOOKUP(H81,Listas!I:I,Listas!J:J),"OUTROS")))) -> ADMITIDO | J81: VIGIA 9 | K81: EDISON NEMESIO CORDEIRO | L81: CPE - COMPOSTOS | M81: SÃO PAULO | N81: NOTURNO | O81: 12X36 | P81: 12H - 18:00 - 06:00 C/ 1H INTERV | T81: ROSI | U81: 46126 | V81: TADEU ASSIS COSTA | W81: ADMITIDO | X81: 46134 | Y81: 46135 | Z81: 914144 | AB81: 0
A82: 29751 | B82: 1 | C82: 46120 | D82: =TODAY()-C82 -> 107 | E82: =IF(W82="ADMITIDO","ADMITIDO",IF(W82="CANCELADA","CANCELADA",IF(H82="","",IF(H82="ADMITIDO","ADMITIDO",IF(H82="CANCELADA","CANCELADA",IF(OR(H82="ANALISE CANCELAMENTO",H82="ANÁLISE CANCELAMENTO"),"EM ANÁLISE",IF(D82="","",IF(D82<=7,"NO PRAZO",IF(D82<=14,"ATENÇÃO","CRÍTICO"))))))))) -> CRÍTICO | F82: FACILITIES | G82: NATHALYA | H82: TRIAGEM 1 | I82: =IF(W82="ADMITIDO","ADMITIDO",IF(W82="CANCELADA","CANCELADA",IF(H82="","",IFERROR(_xlfn.XLOOKUP(H82,Listas!I:I,Listas!J:J),"OUTROS")))) -> TRIAGEM | J82: AUXILIAR DE LIMPEZA | K82: MAIARA RODRIGUES DE ANDRADE COSTA | L82: FACILITIES7 - RESERVA TECNICA | M82: RESERVAS | N82: DIURNO | O82: 6X1 TROCA SÁB/DOM FOLGA FER | P82: 09H - 07:00-16:00 C/INT SEG- SEX/04H S/D | AB82: 0
A83: 29749 | B83: 1 | C83: 46120 | D83: =TODAY()-C83 -> 107 | E83: =IF(W83="ADMITIDO","ADMITIDO",IF(W83="CANCELADA","CANCELADA",IF(H83="","",IF(H83="ADMITIDO","ADMITIDO",IF(H83="CANCELADA","CANCELADA",IF(OR(H83="ANALISE CANCELAMENTO",H83="ANÁLISE CANCELAMENTO"),"EM ANÁLISE",IF(D83="","",IF(D83<=7,"NO PRAZO",IF(D83<=14,"ATENÇÃO","CRÍTICO"))))))))) -> ADMITIDO | F83: FACILITIES | G83: FREITAS | H83: =W83 -> ADMITIDO | I83: =IF(W83="ADMITIDO","ADMITIDO",IF(W83="CANCELADA","CANCELADA",IF(H83="","",IFERROR(_xlfn.XLOOKUP(H83,Listas!I:I,Listas!J:J),"OUTROS")))) -> ADMITIDO | J83: AUXILIAR DE LIMPEZA | K83: KELLY ROBERTA FRATUCCI | L83: MANDICS - SP1 - ITAPEVA | M83: ITUPEVA | N83: DIURNO | O83: 6X1 FOLGA DOM/FER | P83: 08:20H - 12:40-21:00 SAB:10-18 C/ 1H INT | R83: RE: 145810 - OSEILDE | T83: ROSI | U83: 46128 | V83: Ezenaide da Silva Santos | W83: ADMITIDO | X83: 46136 | Y83: 46136 | Z83: 145882 | AB83: 0
A84: 29733 | B84: 1 | C84: 46120 | D84: =TODAY()-C84 -> 107 | E84: =IF(W84="ADMITIDO","ADMITIDO",IF(W84="CANCELADA","CANCELADA",IF(H84="","",IF(H84="ADMITIDO","ADMITIDO",IF(H84="CANCELADA","CANCELADA",IF(OR(H84="ANALISE CANCELAMENTO",H84="ANÁLISE CANCELAMENTO"),"EM ANÁLISE",IF(D84="","",IF(D84<=7,"NO PRAZO",IF(D84<=14,"ATENÇÃO","CRÍTICO"))))))))) -> ADMITIDO | F84: VIGILANCIA | G84: ANDREIA | H84: ADMITIDO | I84: =IF(W84="ADMITIDO","ADMITIDO",IF(W84="CANCELADA","CANCELADA",IF(H84="","",IFERROR(_xlfn.XLOOKUP(H84,Listas!I:I,Listas!J:J),"OUTROS")))) -> ADMITIDO | J84: VIGILANTE | K84: SANDRO APARECIDO FABIANO | L84: RESERVA TECNICA | M84: ITATIBA | N84: DIURNO | O84: 12X36 | P84: 12H - 06:00 - 18:00 C/ 1H INTERV | Q84: JHONATAN ( Fechado por Andreia)Não deu pra seguir por conta de histórico de ex colaborador (mentiu em entrevista)|Erick desistiu no meio do processo| Ricardo desustiu|Jonathan Almeida aprovado 11/05| | R84: RECEPTIVO NO WHATSAPP | S84: 11 96611-5502 | T84: BEATRIZ | U84: 46154 | V84: JONATHAN CRISTIANO ALMEIDA | W84: ADMITIDO | X84: 46156 | Y84: 46161 | Z84: 83291 | AB84: 0
A85: 29750 | B85: 1 | C85: 46120 | D85: =TODAY()-C85 -> 107 | E85: =IF(W85="ADMITIDO","ADMITIDO",IF(W85="CANCELADA","CANCELADA",IF(H85="","",IF(H85="ADMITIDO","ADMITIDO",IF(H85="CANCELADA","CANCELADA",IF(OR(H85="ANALISE CANCELAMENTO",H85="ANÁLISE CANCELAMENTO"),"EM ANÁLISE",IF(D85="","",IF(D85<=7,"NO PRAZO",IF(D85<=14,"ATENÇÃO","CRÍTICO"))))))))) -> CANCELADA | F85: FACILITIES | G85: NATHALYA | H85: CANCELADA | I85: =IF(W85="ADMITIDO","ADMITIDO",IF(W85="CANCELADA","CANCELADA",IF(H85="","",IFERROR(_xlfn.XLOOKUP(H85,Listas!I:I,Listas!J:J),"OUTROS")))) -> CANCELADA | J85: LÍDER DE LIMPEZA 13 | K85: MAIARA RODRIGUES DE ANDRADE COSTA | L85: RESORT SANTA ANGELA | M85: JUNDIAÍ | N85: DIURNO | O85: 6X1 TROCA SÁB/DOM | P85: 09H - 07:00-16:00 C/INT SEG- SEX/04H S/D | Q85: CANDIDATA SIMONE APROVADA 10/04 - CANDIDATA DECLINOU NO DIA 23/04 | R85: INDICAÇÃO SUPERVISORA MAIARA | S85: 11 94520-6558 | V85: SIMONE LIMA DE JESUS SANTOS | W85: CANCELADA | AA85: Desistência | AB85: 0
A86: 29739 | B86: 1 | C86: 46120 | D86: =TODAY()-C86 -> 107 | E86: =IF(W86="ADMITIDO","ADMITIDO",IF(W86="CANCELADA","CANCELADA",IF(H86="","",IF(H86="ADMITIDO","ADMITIDO",IF(H86="CANCELADA","CANCELADA",IF(OR(H86="ANALISE CANCELAMENTO",H86="ANÁLISE CANCELAMENTO"),"EM ANÁLISE",IF(D86="","",IF(D86<=7,"NO PRAZO",IF(D86<=14,"ATENÇÃO","CRÍTICO"))))))))) -> ADMITIDO | F86: VIGILANCIA | G86: FREITAS | H86: =W86 -> ADMITIDO | I86: =IF(W86="ADMITIDO","ADMITIDO",IF(W86="CANCELADA","CANCELADA",IF(H86="","",IFERROR(_xlfn.XLOOKUP(H86,Listas!I:I,Listas!J:J),"OUTROS")))) -> ADMITIDO | J86: VIGILANTE | K86: EDISON NEMESIO CORDEIRO | L86: SP2 - FERISTA - SEGURANCA | M86: RESERVAS | N86: NOTURNO | O86: 12X36 | P86: 12H - 19:00 - 07:00 C/ 1H INTERV | R86: RE: 83109 - DANILO | T86: ROSI | U86: 46127 | V86: Edcarlos de Souza dos Santos | W86: ADMITIDO | X86: 46136 | Y86: 46139 | Z86: 83267 | AB86: 0
A87: 29738 | B87: 1 | C87: 46120 | D87: =TODAY()-C87 -> 107 | E87: =IF(W87="ADMITIDO","ADMITIDO",IF(W87="CANCELADA","CANCELADA",IF(H87="","",IF(H87="ADMITIDO","ADMITIDO",IF(H87="CANCELADA","CANCELADA",IF(OR(H87="ANALISE CANCELAMENTO",H87="ANÁLISE CANCELAMENTO"),"EM ANÁLISE",IF(D87="","",IF(D87<=7,"NO PRAZO",IF(D87<=14,"ATENÇÃO","CRÍTICO"))))))))) -> ADMITIDO | F87: FACILITIES | G87: FREITAS | H87: ADMITIDO | I87: =IF(W87="ADMITIDO","ADMITIDO",IF(W87="CANCELADA","CANCELADA",IF(H87="","",IFERROR(_xlfn.XLOOKUP(H87,Listas!I:I,Listas!J:J),"OUTROS")))) -> ADMITIDO | J87: AUXILIAR DE LIMPEZA | K87: KELLY ROBERTA FRATUCCI | L87: SP3 - RESERVA TECNICA - FACILITIES | M87: RESERVAS | N87: DIURNO | O87: 6X1 FOLGA DOM/FER | P87: 09H - 07:00-16:00 C/INT SEG- SEX/04H SAB | T87: ROSI | U87: 46129 | V87: MARIA DO ROSARIO FERREIRA DA SILVA | W87: ADMITIDO | X87: 46139 | Y87: 46140 | Z87: 145886 | AB87: 0
A88: 29740 | B88: 1 | C88: 46120 | D88: =TODAY()-C88 -> 107 | E88: =IF(W88="ADMITIDO","ADMITIDO",IF(W88="CANCELADA","CANCELADA",IF(H88="","",IF(H88="ADMITIDO","ADMITIDO",IF(H88="CANCELADA","CANCELADA",IF(OR(H88="ANALISE CANCELAMENTO",H88="ANÁLISE CANCELAMENTO"),"EM ANÁLISE",IF(D88="","",IF(D88<=7,"NO PRAZO",IF(D88<=14,"ATENÇÃO","CRÍTICO"))))))))) -> ADMITIDO | F88: SEGURANÇA | G88: FREITAS | H88: =W88 -> ADMITIDO | I88: =IF(W88="ADMITIDO","ADMITIDO",IF(W88="CANCELADA","CANCELADA",IF(H88="","",IFERROR(_xlfn.XLOOKUP(H88,Listas!I:I,Listas!J:J),"OUTROS")))) -> ADMITIDO | J88: VIGIA 9 | K88: EDISON NEMESIO CORDEIRO | L88: URBAN LIVING PACAEMBU | M88: SÃO PAULO | N88: NOTURNO | O88: 12X36 | P88: 12H - 19:00 - 07:00 C/ 1H INTERV | T88: ROSI | U88: 46126 | V88: Victor Sant'anna Rodrigues | W88: ADMITIDO | X88: 46134 | Y88: 46136 | Z88: 914142 | AB88: 0
A89: 29775 | B89: 1 | C89: 46121 | D89: =TODAY()-C89 -> 106 | E89: =IF(W89="ADMITIDO","ADMITIDO",IF(W89="CANCELADA","CANCELADA",IF(H89="","",IF(H89="ADMITIDO","ADMITIDO",IF(H89="CANCELADA","CANCELADA",IF(OR(H89="ANALISE CANCELAMENTO",H89="ANÁLISE CANCELAMENTO"),"EM ANÁLISE",IF(D89="","",IF(D89<=7,"NO PRAZO",IF(D89<=14,"ATENÇÃO","CRÍTICO"))))))))) -> ADMITIDO | F89: FACILITIES | G89: FREITAS | H89: ADMITIDO | I89: =IF(W89="ADMITIDO","ADMITIDO",IF(W89="CANCELADA","CANCELADA",IF(H89="","",IFERROR(_xlfn.XLOOKUP(H89,Listas!I:I,Listas!J:J),"OUTROS")))) -> ADMITIDO | J89: JARDINEIRO | K89: KELLY ROBERTA FRATUCCI | L89: ADP BRASIL - MATRIZ SP | M89: SÃO PAULO | N89: DIURNO | O89: 6X1 FOLGA DOM/FER | P89: 08:20H - 05:00 - 14:20 C/ 1H INTERV | S89: 11963180042 | T89: ROSI | U89: 46136 | V89: Cristiano Matos da Silva | W89: ADMITIDO | X89: 46117 | Y89: 46147 | Z89: 914209 | AB89: 0
A90: 29781 | B90: 1 | C90: 46121 | D90: =TODAY()-C90 -> 106 | E90: =IF(W90="ADMITIDO","ADMITIDO",IF(W90="CANCELADA","CANCELADA",IF(H90="","",IF(H90="ADMITIDO","ADMITIDO",IF(H90="CANCELADA","CANCELADA",IF(OR(H90="ANALISE CANCELAMENTO",H90="ANÁLISE CANCELAMENTO"),"EM ANÁLISE",IF(D90="","",IF(D90<=7,"NO PRAZO",IF(D90<=14,"ATENÇÃO","CRÍTICO"))))))))) -> ADMITIDO | F90: FACILITIES | G90: AMANDA | H90: =W90 -> ADMITIDO | I90: =IF(W90="ADMITIDO","ADMITIDO",IF(W90="CANCELADA","CANCELADA",IF(H90="","",IFERROR(_xlfn.XLOOKUP(H90,Listas!I:I,Listas!J:J),"OUTROS")))) -> ADMITIDO | J90: AUXILIAR DE LIMPEZA | K90: FLAVIA BATISTA DE LIMA | L90: ANAUGER | M90: ITUPEVA | N90: DIURNO | O90: 5X2 FOLGA SÁB/DOM/FER | P90: 09:48H - 06:00 - 15:48 C/ 1H INTERV | Q90: Vaga Feminina a/c Flávia 22.04 | R90: INDICAÇÃO SUPERVISORA FLÁVIA | S90: 11 97134-9989 | T90: RITA | U90: 46127 | V90: ELIEZER | W90: ADMITIDO | X90: 46132 | Y90: 46134 | Z90: 145861 | AB90: 0
A91: 29784 | B91: 1 | C91: 46121 | D91: =TODAY()-C91 -> 106 | E91: =IF(W91="ADMITIDO","ADMITIDO",IF(W91="CANCELADA","CANCELADA",IF(H91="","",IF(H91="ADMITIDO","ADMITIDO",IF(H91="CANCELADA","CANCELADA",IF(OR(H91="ANALISE CANCELAMENTO",H91="ANÁLISE CANCELAMENTO"),"EM ANÁLISE",IF(D91="","",IF(D91<=7,"NO PRAZO",IF(D91<=14,"ATENÇÃO","CRÍTICO"))))))))) -> CRÍTICO | F91: FACILITIES | G91: ELONY | H91: TRIAGEM 3 | I91: =IF(W91="ADMITIDO","ADMITIDO",IF(W91="CANCELADA","CANCELADA",IF(H91="","",IFERROR(_xlfn.XLOOKUP(H91,Listas!I:I,Listas!J:J),"OUTROS")))) -> TRIAGEM | J91: AUXILIAR DE LIMPEZA | K91: ROSELI BERNARDO | L91: CAMPINAS6 - RESERVA TECNICA - FACILITIES | M91: RESERVAS | N91: DIURNO | O91: 6X1 FOLGA DOM/FER | P91: 09H - 07:00-16:00 C/INT SEG- SEX/04H SAB | Q91: 2 DESISTENCIA, REALIZANDO TRIAGEM | AB91: 0
A92: 29782 | B92: 1 | C92: 46121 | D92: =TODAY()-C92 -> 106 | E92: =IF(W92="ADMITIDO","ADMITIDO",IF(W92="CANCELADA","CANCELADA",IF(H92="","",IF(H92="ADMITIDO","ADMITIDO",IF(H92="CANCELADA","CANCELADA",IF(OR(H92="ANALISE CANCELAMENTO",H92="ANÁLISE CANCELAMENTO"),"EM ANÁLISE",IF(D92="","",IF(D92<=7,"NO PRAZO",IF(D92<=14,"ATENÇÃO","CRÍTICO"))))))))) -> ADMITIDO | F92: FACILITIES | G92: AMANDA | H92: =W92 -> ADMITIDO | I92: =IF(W92="ADMITIDO","ADMITIDO",IF(W92="CANCELADA","CANCELADA",IF(H92="","",IFERROR(_xlfn.XLOOKUP(H92,Listas!I:I,Listas!J:J),"OUTROS")))) -> ADMITIDO | J92: AUXILIAR DE SERVIÇOS GERAIS | K92: FLAVIA BATISTA DE LIMA | L92: EXSTO BRASIL | M92: ITUPEVA | N92: DIURNO | O92: 5X2 FOLGA SÁB/DOM/FER | P92: 10H - 07:00-17:00 C/ INT SEG-QUI/09H SEX | T92: RITA | U92: 46153 | V92: LUIZ RICARDO MEIRA | W92: ADMITIDO | X92: 46155 | Y92: 46160 | Z92: 145961 | AB92: 0
A93: 29764 | B93: 1 | C93: 46121 | D93: =TODAY()-C93 -> 106 | E93: =IF(W93="ADMITIDO","ADMITIDO",IF(W93="CANCELADA","CANCELADA",IF(H93="","",IF(H93="ADMITIDO","ADMITIDO",IF(H93="CANCELADA","CANCELADA",IF(OR(H93="ANALISE CANCELAMENTO",H93="ANÁLISE CANCELAMENTO"),"EM ANÁLISE",IF(D93="","",IF(D93<=7,"NO PRAZO",IF(D93<=14,"ATENÇÃO","CRÍTICO"))))))))) -> CRÍTICO | F93: FACILITIES | G93: NATHALYA | H93: TRIAGEM 2 | I93: =IF(W93="ADMITIDO","ADMITIDO",IF(W93="CANCELADA","CANCELADA",IF(H93="","",IFERROR(_xlfn.XLOOKUP(H93,Listas!I:I,Listas!J:J),"OUTROS")))) -> TRIAGEM | J93: AUXILIAR DE LIMPEZA | K93: MAIARA RODRIGUES DE ANDRADE COSTA | L93: FACILITIES7 - RESERVA TECNICA | M93: RESERVAS | N93: DIURNO | O93: 6X1 TROCA SÁB/DOM FOLGA FER | P93: 09H - 07:00-16:00 C/INT SEG- SEX/04H S/D | Q93: CANDIDATA SABRINA EM DVC 11/05 - CANDIDATA SABRINA APROVADA 11/05 - CANDIDATA SABRINA DESISTIU 13/05 | R93: WHATSAPP | S93: 11 94503-4291 | AA93: SABRINA EUZEBIO GONÇALVES - Exame reagendado 2x e por fim desistiu da vaga. | AB93: 0
A94: 29783 | B94: 1 | C94: 46121 | D94: =TODAY()-C94 -> 106 | E94: =IF(W94="ADMITIDO","ADMITIDO",IF(W94="CANCELADA","CANCELADA",IF(H94="","",IF(H94="ADMITIDO","ADMITIDO",IF(H94="CANCELADA","CANCELADA",IF(OR(H94="ANALISE CANCELAMENTO",H94="ANÁLISE CANCELAMENTO"),"EM ANÁLISE",IF(D94="","",IF(D94<=7,"NO PRAZO",IF(D94<=14,"ATENÇÃO","CRÍTICO"))))))))) -> ADMITIDO | F94: FACILITIES | G94: ELONY | H94: ADMITIDO | I94: =IF(W94="ADMITIDO","ADMITIDO",IF(W94="CANCELADA","CANCELADA",IF(H94="","",IFERROR(_xlfn.XLOOKUP(H94,Listas!I:I,Listas!J:J),"OUTROS")))) -> ADMITIDO | J94: JARDINEIRO 2 | K94: ROSELI BERNARDO | L94: HARIBO | M94: BAURU | N94: DIURNO | O94: 5X2 FOLGA SÁB/DOM/FER | P94: 09:48H - 07:00 - 16:48 C/ INTERV | S94: 14 98825 5195 | T94: ANA | U94: 46135 | V94: HIGOR SOARES MARINHO | W94: ADMITIDO | X94: 46150 | Y94: 46153 | Z94: 145424 | AB94: 0
A95: 29780 | B95: 1 | C95: 46121 | D95: =TODAY()-C95 -> 106 | E95: =IF(W95="ADMITIDO","ADMITIDO",IF(W95="CANCELADA","CANCELADA",IF(H95="","",IF(H95="ADMITIDO","ADMITIDO",IF(H95="CANCELADA","CANCELADA",IF(OR(H95="ANALISE CANCELAMENTO",H95="ANÁLISE CANCELAMENTO"),"EM ANÁLISE",IF(D95="","",IF(D95<=7,"NO PRAZO",IF(D95<=14,"ATENÇÃO","CRÍTICO"))))))))) -> ADMITIDO | F95: SEGURANÇA | G95: AMANDA | H95: =W95 -> ADMITIDO | I95: =IF(W95="ADMITIDO","ADMITIDO",IF(W95="CANCELADA","CANCELADA",IF(H95="","",IFERROR(_xlfn.XLOOKUP(H95,Listas!I:I,Listas!J:J),"OUTROS")))) -> ADMITIDO | J95: VIGIA 9 | K95: ELIZEU RODRIGUES DA SILVA FILHO | L95: INHANDJARA | M95: ITUPEVA | N95: DIURNO | O95: 12X36 | P95: 12H - 06:00 - 18:00 C/ 1H INTERV | S95: 11 94111-9166 | T95: BEATRIZ | U95: 46135 | V95: LIVIA MARLENE PEIXOTO | W95: ADMITIDO | X95: 46140 | Y95: 46141 | Z95: 914182 | AB95: 0
A96: 29769 | B96: 1 | C96: 46121 | D96: =TODAY()-C96 -> 106 | E96: =IF(W96="ADMITIDO","ADMITIDO",IF(W96="CANCELADA","CANCELADA",IF(H96="","",IF(H96="ADMITIDO","ADMITIDO",IF(H96="CANCELADA","CANCELADA",IF(OR(H96="ANALISE CANCELAMENTO",H96="ANÁLISE CANCELAMENTO"),"EM ANÁLISE",IF(D96="","",IF(D96<=7,"NO PRAZO",IF(D96<=14,"ATENÇÃO","CRÍTICO"))))))))) -> ADMITIDO | F96: SEGURANÇA | G96: ELONY | H96: =W96 -> ADMITIDO | I96: =IF(W96="ADMITIDO","ADMITIDO",IF(W96="CANCELADA","CANCELADA",IF(H96="","",IFERROR(_xlfn.XLOOKUP(H96,Listas!I:I,Listas!J:J),"OUTROS")))) -> ADMITIDO | J96: VIGIA 12 | K96: MARCELO RODRIGUES CARUNCHO CARNAVAL | L96: IRANI | M96: INDAIATUBA | N96: DIURNO | O96: 12X36 | P96: 12H - 06:00 - 18:00 C/ 1H INTERV | T96: ANA | U96: 46134 | V96: MARIA JOSÉ NEVES DE AQUINO CASTRO | W96: ADMITIDO | X96: 46142 | Y96: 46143 | Z96: 914204 | AB96: 0
A97: 29774 | B97: 1 | C97: 46121 | D97: =TODAY()-C97 -> 106 | E97: =IF(W97="ADMITIDO","ADMITIDO",IF(W97="CANCELADA","CANCELADA",IF(H97="","",IF(H97="ADMITIDO","ADMITIDO",IF(H97="CANCELADA","CANCELADA",IF(OR(H97="ANALISE CANCELAMENTO",H97="ANÁLISE CANCELAMENTO"),"EM ANÁLISE",IF(D97="","",IF(D97<=7,"NO PRAZO",IF(D97<=14,"ATENÇÃO","CRÍTICO"))))))))) -> ADMITIDO | F97: FACILITIES | G97: FREITAS | H97: =W97 -> ADMITIDO | I97: =IF(W97="ADMITIDO","ADMITIDO",IF(W97="CANCELADA","CANCELADA",IF(H97="","",IFERROR(_xlfn.XLOOKUP(H97,Listas!I:I,Listas!J:J),"OUTROS")))) -> ADMITIDO | J97: AUXILIAR DE SERVIÇOS GERAIS | K97: KELLY ROBERTA FRATUCCI | L97: KERRY BARUERI | M97: BARUERI | N97: DIURNO | O97: 6X1 FOLGA DOM/FER | P97: 09H - 06:00-15:00 C/INT SEG- SEX/4H SAB | T97: ROSI | U97: 46126 | V97: Tarciso Jose da Silva | W97: ADMITIDO | X97: 46134 | Y97: 46139 | Z97: 914143 | AB97: 0
A98: 29786 | B98: 1 | C98: 46121 | D98: =TODAY()-C98 -> 106 | E98: =IF(W98="ADMITIDO","ADMITIDO",IF(W98="CANCELADA","CANCELADA",IF(H98="","",IF(H98="ADMITIDO","ADMITIDO",IF(H98="CANCELADA","CANCELADA",IF(OR(H98="ANALISE CANCELAMENTO",H98="ANÁLISE CANCELAMENTO"),"EM ANÁLISE",IF(D98="","",IF(D98<=7,"NO PRAZO",IF(D98<=14,"ATENÇÃO","CRÍTICO"))))))))) -> ADMITIDO | F98: FACILITIES | G98: ELONY | H98: =W98 -> ADMITIDO | I98: =IF(W98="ADMITIDO","ADMITIDO",IF(W98="CANCELADA","CANCELADA",IF(H98="","",IFERROR(_xlfn.XLOOKUP(H98,Listas!I:I,Listas!J:J),"OUTROS")))) -> ADMITIDO | J98: AUXILIAR DE SERVIÇOS GERAIS | K98: ELIANA MARIA MOREIRA BRANSANI | L98: MENZOIL | M98: LOUVEIRA | N98: DIURNO | O98: 5X2 FOLGA SÁB/DOM/FER | P98: 09:48H - 06:00 - 15:48 C/ 1H INTERV | S98: 19 99310-7608 | T98: ANA | U98: 46127 | V98: Danilo sussant xavier | W98: ADMITIDO | X98: 46132 | Y98: 46134 | Z98: 145864 | AB98: 0
A99: 29772 | B99: 1 | C99: 46121 | D99: =TODAY()-C99 -> 106 | E99: =IF(W99="ADMITIDO","ADMITIDO",IF(W99="CANCELADA","CANCELADA",IF(H99="","",IF(H99="ADMITIDO","ADMITIDO",IF(H99="CANCELADA","CANCELADA",IF(OR(H99="ANALISE CANCELAMENTO",H99="ANÁLISE CANCELAMENTO"),"EM ANÁLISE",IF(D99="","",IF(D99<=7,"NO PRAZO",IF(D99<=14,"ATENÇÃO","CRÍTICO"))))))))) -> ADMITIDO | F99: ADM | G99: ANDREIA | H99: =W99 -> ADMITIDO | I99: =IF(W99="ADMITIDO","ADMITIDO",IF(W99="CANCELADA","CANCELADA",IF(H99="","",IFERROR(_xlfn.XLOOKUP(H99,Listas!I:I,Listas!J:J),"OUTROS")))) -> ADMITIDO | J99: ANALISTA DE RH JUNIOR | K99: RENATO CASELLA | L99: RECRUTAMENTO E SELEÇÃO DE PESSOAL JDI | M99: ADM | N99: DIURNO | O99: 5X2 FOLGA SÁB/DOM/FER | P99: 10H-08:00-18:00 C/ INT SEG-QUI/09H SEX | S99: 13 99169-7044 | T99: BEATRIZ | U99: 46135 | V99: ANA LUIZA DE JESUS CONCEIÇÃO | W99: ADMITIDO | X99: 46139 | Y99: 46139 | Z99: 145888 | AB99: 0
A100: 29773 | B100: 1 | C100: 46121 | D100: =TODAY()-C100 -> 106 | E100: =IF(W100="ADMITIDO","ADMITIDO",IF(W100="CANCELADA","CANCELADA",IF(H100="","",IF(H100="ADMITIDO","ADMITIDO",IF(H100="CANCELADA","CANCELADA",IF(OR(H100="ANALISE CANCELAMENTO",H100="ANÁLISE CANCELAMENTO"),"EM ANÁLISE",IF(D100="","",IF(D100<=7,"NO PRAZO",IF(D100<=14,"ATENÇÃO","CRÍTICO"))))))))) -> ADMITIDO | F100: ADM | G100: ANDREIA | H100: =W100 -> ADMITIDO | I100: =IF(W100="ADMITIDO","ADMITIDO",IF(W100="CANCELADA","CANCELADA",IF(H100="","",IFERROR(_xlfn.XLOOKUP(H100,Listas!I:I,Listas!J:J),"OUTROS")))) -> ADMITIDO | J100: AUXILIAR DE RH 2 | K100: RENATO CASELLA | L100: RECRUTAMENTO E SELEÇÃO DE PESSOAL JDI | M100: ADM | N100: DIURNO | O100: 5X2 FOLGA SÁB/DOM/FER | P100: 10H-08:00-18:00 C/ INT SEG-QUI/09H SEX | Q100: ENTREGUE PARA DOC 17/04 | R100: FACEBOOK | S100: 11 96419-4651 | T100: BEATRIZ | U100: 46135 | V100: LUANA BARBOSA DE PINHO | W100: ADMITIDO | X100: 46139 | Y100: 46139 | Z100: 145887 | AB100: 0
...

Sheet Planilha  de Vagas R&S
A1: COD | B1: VAGAS | C1: DATA DE ABERTURA DA VAGA | D1: DIAS ABERTA | E1: CRITICIDADE | F1: SERVIÇO | G1: RECRUTADOR | H1: STATUS RECRUTADOR | I1: STATUS | J1: CARGO | K1: SUPERVISÃO | L1: CLIENTE | N1: LOCALIDADE | O1: TURNO | P1: ESCALA | Q1: JORNADA | R1: COMENTÁRIOS RECRUTADOR | S1: FONTE DE CAPTAÇÃO | T1: TELEFONE | U1: RESPONSÁVEL | V1: DATA DE RECEBIMENTO | W1: NOME DO CANDIDATO | X1: STATUS DOCUMENTAÇÃO | Y1: INTEGRAÇÃO | Z1: ADMISSÃO | AA1: RE | AB1: COMENTÁRIOS E OBSERVAÇÕES | AC1: DATA DO CANCELAMENTO DA VAGA | AD1: DESISTÊNCIAS
A2: 28789 | B2: 1 | C2: 46048 | D2: =TODAY()-C2 -> 179 | E2: =IF(X2="ADMITIDO","ADMITIDO",IF(X2="CANCELADA","CANCELADA",IF(H2="","",IF(H2="ADMITIDO","ADMITIDO",IF(H2="CANCELADA","CANCELADA",IF(OR(H2="ANALISE CANCELAMENTO",H2="ANÁLISE CANCELAMENTO"),"EM ANÁLISE",IF(D2="","",IF(D2<=7,"NO PRAZO",IF(D2<=14,"ATENÇÃO","CRÍTICO"))))))))) -> ADMITIDO | F2: SEGURANÇA | G2: ELONY | H2: =X2 -> ADMITIDO | I2: =IF(X2="ADMITIDO","ADMITIDO",IF(X2="CANCELADA","CANCELADA",IF(H2="","",IFERROR(_xlfn.XLOOKUP(H2,Listas!I:I,Listas!J:J),"OUTROS")))) -> ADMITIDO | J2: VIGIA 6 | K2: MARCELO RODRIGUES CARUNCHO CARNAVAL | L2: CAMPINAS3 - RESERVA TECNICA - SEGURANCA | N2: RESERVAS | O2: DIURNO | P2: 12X36 | Q2: 12H - 06:00 - 18:00 C/ 1H INTERV | R2: Vaga da Bruna / Houveram 2 desistências - passada Elony dia 20/04 | U2: ANA | V2: 46142 | W2: WAGNER BENEDITO DA SILVA | X2: ADMITIDO | Y2: 46150 | Z2: 46151 | AA2: 914242 | AB2: Candidato - JULIO CEZAR DE OLIVEIRA CAMISA desistiu no dia 28/04 | AD2: 0
A3: 28991 | B3: 1 | C3: 46063 | D3: =TODAY()-C3 -> 164 | E3: =IF(X3="ADMITIDO","ADMITIDO",IF(X3="CANCELADA","CANCELADA",IF(H3="","",IF(H3="ADMITIDO","ADMITIDO",IF(H3="CANCELADA","CANCELADA",IF(OR(H3="ANALISE CANCELAMENTO",H3="ANÁLISE CANCELAMENTO"),"EM ANÁLISE",IF(D3="","",IF(D3<=7,"NO PRAZO",IF(D3<=14,"ATENÇÃO","CRÍTICO"))))))))) -> ADMITIDO | F3: FACILITIES | G3: FREITAS | H3: =X3 -> ADMITIDO | I3: =IF(X3="ADMITIDO","ADMITIDO",IF(X3="CANCELADA","CANCELADA",IF(H3="","",IFERROR(_xlfn.XLOOKUP(H3,Listas!I:I,Listas!J:J),"OUTROS")))) -> ADMITIDO | J3: AUXILIAR DE SERVIÇOS GERAIS | K3: KELLY ROBERTA FRATUCCI | L3: PROMAX BARDAHL | N3: CAJAMAR | O3: DIURNO | P3: 5X2 FOLGA SÁB/DOM/FER | Q3: 09:48H - 06:00 - 15:48 C/ 1H INTERV | U3: ROSI | V3: 46126 | W3: Paulo Henrique | X3: ADMITIDO | Y3: 46134 | Z3: 46135 | AA3: 914145 | AD3: 0
A4: 29028 | B4: 1 | C4: 46065 | D4: =TODAY()-C4 -> 162 | E4: =IF(X4="ADMITIDO","ADMITIDO",IF(X4="CANCELADA","CANCELADA",IF(H4="","",IF(H4="ADMITIDO","ADMITIDO",IF(H4="CANCELADA","CANCELADA",IF(OR(H4="ANALISE CANCELAMENTO",H4="ANÁLISE CANCELAMENTO"),"EM ANÁLISE",IF(D4="","",IF(D4<=7,"NO PRAZO",IF(D4<=14,"ATENÇÃO","CRÍTICO"))))))))) -> CANCELADA | F4: FACILITIES | G4: ELONY | H4: CANCELADA | I4: =IF(X4="ADMITIDO","ADMITIDO",IF(X4="CANCELADA","CANCELADA",IF(H4="","",IFERROR(_xlfn.XLOOKUP(H4,Listas!I:I,Listas!J:J),"OUTROS")))) -> CANCELADA | J4: AUXILIAR DE LIMPEZA | K4: ELIANA MARIA MOREIRA BRANSANI | L4: CAMPINAS5 - RESERVA TECNICA - FACILITIES | N4: RESERVAS | O4: NOTURNO | P4: 6X1 FOLGA DOM/FER | Q4: 08:20H - 22:00 - 06:20 C/ 1H INTERV | R4: Enviado email 20/04 - Eliana para confirmar cancelamento, confirmado cancelamento email 22/04 | X4: CANCELADA | AD4: 0
A5: 29493 | B5: 1 | C5: 46104 | D5: =TODAY()-C5 -> 123 | E5: =IF(X5="ADMITIDO","ADMITIDO",IF(X5="CANCELADA","CANCELADA",IF(H5="","",IF(H5="ADMITIDO","ADMITIDO",IF(H5="CANCELADA","CANCELADA",IF(OR(H5="ANALISE CANCELAMENTO",H5="ANÁLISE CANCELAMENTO"),"EM ANÁLISE",IF(D5="","",IF(D5<=7,"NO PRAZO",IF(D5<=14,"ATENÇÃO","CRÍTICO"))))))))) -> ADMITIDO | F5: FACILITIES | G5: NATHALYA | H5: ADMITIDO | I5: =IF(X5="ADMITIDO","ADMITIDO",IF(X5="CANCELADA","CANCELADA",IF(H5="","",IFERROR(_xlfn.XLOOKUP(H5,Listas!I:I,Listas!J:J),"OUTROS")))) -> ADMITIDO | J5: AUXILIAR DE LIMPEZA | K5: MAIARA RODRIGUES DE ANDRADE COSTA | L5: THE ONE OFFICE | N5: JUNDIAÍ | O5: DIURNO | P5: 6X1 FOLGA DOM/FER | Q5: 09H - 12:00-21:00 C/ INT SEG-SEX/04H SAB | S5: WHATSAPP | T5: 11 97375-0776 | U5: PATRICIA | V5: 46134 | W5: RAISSA APARECIDA JESUS | X5: ADMITIDO | Y5: 46146 | Z5: 46147 | AA5: 145905 | AD5: 0
A6: 29199 | B6: 1 | C6: 46080 | D6: =TODAY()-C6 -> 147 | E6: =IF(X6="ADMITIDO","ADMITIDO",IF(X6="CANCELADA","CANCELADA",IF(H6="","",IF(H6="ADMITIDO","ADMITIDO",IF(H6="CANCELADA","CANCELADA",IF(OR(H6="ANALISE CANCELAMENTO",H6="ANÁLISE CANCELAMENTO"),"EM ANÁLISE",IF(D6="","",IF(D6<=7,"NO PRAZO",IF(D6<=14,"ATENÇÃO","CRÍTICO"))))))))) -> ADMITIDO | F6: FACILITIES | G6: GIOVANNA | H6: ADMITIDO | I6: =IF(X6="ADMITIDO","ADMITIDO",IF(X6="CANCELADA","CANCELADA",IF(H6="","",IFERROR(_xlfn.XLOOKUP(H6,Listas!I:I,Listas!J:J),"OUTROS")))) -> ADMITIDO | J6: AUXILIAR DE LIMPEZA | K6: MIGUEL GIOSA PIVA | L6: FACILITIES2 - RESERVA TECNICA | N6: RESERVAS | O6: DIURNO | P6: 6X1 TROCA SÁB/DOM FOLGA FER | Q6: 09H - 07:00-16:00 C/INT SEG- SEX/04H S/D | S6: WHATSAPP | T6: +55 11 95146-6912 | U6: PATRICIA | V6: 46134 | W6: SARA PASSOS GARCIA | X6: ADMITIDO | Y6: 46146 | Z6: 46147 | AA6: 145909 | AD6: 0
B7: 1 | C7: 46080 | D7: =TODAY()-C7 -> 147 | E7: =IF(X7="ADMITIDO","ADMITIDO",IF(X7="CANCELADA","CANCELADA",IF(H7="","",IF(H7="ADMITIDO","ADMITIDO",IF(H7="CANCELADA","CANCELADA",IF(OR(H7="ANALISE CANCELAMENTO",H7="ANÁLISE CANCELAMENTO"),"EM ANÁLISE",IF(D7="","",IF(D7<=7,"NO PRAZO",IF(D7<=14,"ATENÇÃO","CRÍTICO"))))))))) -> ADMITIDO | F7: FACILITIES | G7: GIOVANNA | H7: ADMITIDO | I7: =IF(X7="ADMITIDO","ADMITIDO",IF(X7="CANCELADA","CANCELADA",IF(H7="","",IFERROR(_xlfn.XLOOKUP(H7,Listas!I:I,Listas!J:J),"OUTROS")))) -> ADMITIDO | J7: AUXILIAR DE LIMPEZA | K7: MIGUEL GIOSA PIVA | L7: FACILITIES2 - RESERVA TECNICA | N7: RESERVAS | O7: DIURNO | P7: 6X1 TROCA SÁB/DOM FOLGA FER | Q7: 09H - 07:00-16:00 C/INT SEG- SEX/04H S/D | S7: WHATSAPP | U7: RITA | V7: 46141 | W7: PATRICIA APARECIDA DE CARVALHO | X7: ADMITIDO | Y7: 46147 | Z7: 46148 | AA7: 145918 | AD7: 0
A8: 29200 | B8: 1 | C8: 46080 | D8: =TODAY()-C8 -> 147 | E8: =IF(X8="ADMITIDO","ADMITIDO",IF(X8="CANCELADA","CANCELADA",IF(H8="","",IF(H8="ADMITIDO","ADMITIDO",IF(H8="CANCELADA","CANCELADA",IF(OR(H8="ANALISE CANCELAMENTO",H8="ANÁLISE CANCELAMENTO"),"EM ANÁLISE",IF(D8="","",IF(D8<=7,"NO PRAZO",IF(D8<=14,"ATENÇÃO","CRÍTICO"))))))))) -> ADMITIDO | F8: FACILITIES | G8: GIOVANNA | H8: ADMITIDO | I8: =IF(X8="ADMITIDO","ADMITIDO",IF(X8="CANCELADA","CANCELADA",IF(H8="","",IFERROR(_xlfn.XLOOKUP(H8,Listas!I:I,Listas!J:J),"OUTROS")))) -> ADMITIDO | J8: AUXILIAR DE LIMPEZA | K8: MIGUEL GIOSA PIVA | L8: MAESTRAL COML. | N8: JUNDIAÍ | O8: DIURNO | P8: 5X2 FOLGA SÁB/DOM/FER | Q8: 09:48H - 08:00 - 17:48 C/ 1H INTERV | R8: Desistência de candidatos | S8: PAT JUNDIAI | T8: 11 97390-5487 | U8: PATRICIA | V8: 46149 | W8: MARCOS ALBERTO FERNANDES | X8: ADMITIDO | Y8: 46154 | Z8: 46156 | AA8: 145950 | AB8: JOSÉ LUEDSON VIEIRA DA SILVA - Integração foi agendada mas não compareceu e não retornou | AD8: 0
A9: 29288 | B9: 1 | C9: 46086 | D9: =TODAY()-C9 -> 141 | E9: =IF(X9="ADMITIDO","ADMITIDO",IF(X9="CANCELADA","CANCELADA",IF(H9="","",IF(H9="ADMITIDO","ADMITIDO",IF(H9="CANCELADA","CANCELADA",IF(OR(H9="ANALISE CANCELAMENTO",H9="ANÁLISE CANCELAMENTO"),"EM ANÁLISE",IF(D9="","",IF(D9<=7,"NO PRAZO",IF(D9<=14,"ATENÇÃO","CRÍTICO"))))))))) -> ADMITIDO | F9: SEGURANÇA | G9: ELONY | H9: =X9 -> ADMITIDO | I9: =IF(X9="ADMITIDO","ADMITIDO",IF(X9="CANCELADA","CANCELADA",IF(H9="","",IFERROR(_xlfn.XLOOKUP(H9,Listas!I:I,Listas!J:J),"OUTROS")))) -> ADMITIDO | J9: VIGIA 22 | K9: THAIS FERNANDA TOZZI | L9: CANON MEDICAL SYSTEMS DO BRASIL LTDA - CAMPINAS | N9: CAMPINAS | O9: DIURNO | P9: 5X2 FOLGA SÁB/DOM/FER | Q9: 10H - 09:00 - 18:00 C/ 1H INTERV | U9: ANA | V9: 46127 | W9: ANA PAULA GONÇALVES TIGRE | X9: ADMITIDO | Y9: 46139 | Z9: 46130 | AA9: 914174 | AD9: 0
A10: 29258 | B10: 1 | C10: 46086 | D10: =TODAY()-C10 -> 141 | E10: =IF(X10="ADMITIDO","ADMITIDO",IF(X10="CANCELADA","CANCELADA",IF(H10="","",IF(H10="ADMITIDO","ADMITIDO",IF(H10="CANCELADA","CANCELADA",IF(OR(H10="ANALISE CANCELAMENTO",H10="ANÁLISE CANCELAMENTO"),"EM ANÁLISE",IF(D10="","",IF(D10<=7,"NO PRAZO",IF(D10<=14,"ATENÇÃO","CRÍTICO"))))))))) -> ADMITIDO | F10: FACILITIES | G10: ELONY | H10: =X10 -> ADMITIDO | I10: =IF(X10="ADMITIDO","ADMITIDO",IF(X10="CANCELADA","CANCELADA",IF(H10="","",IFERROR(_xlfn.XLOOKUP(H10,Listas!I:I,Listas!J:J),"OUTROS")))) -> ADMITIDO | J10: AUXILIAR DE LIMPEZA | K10: ELIANA MARIA MOREIRA BRANSANI | L10: NEO RODAS - VINHEDO | N10: VINHEDO | O10: DIURNO | P10: 6X1 FOLGA DOM/FER | Q10: 08:20H - 13:40 - 22:00 C/ 1H INTERV | T10: 19 92006 0596 | U10: ANA | V10: 46160 | W10: JOÃO BATISTA NOVAIS PINTO | X10: ADMITIDO | Y10: 46164 | Z10: 46165 | AA10: 914325 | AD10: 0
A11: 29270 | B11: 1 | C11: 46086 | D11: =TODAY()-C11 -> 141 | E11: =IF(X11="ADMITIDO","ADMITIDO",IF(X11="CANCELADA","CANCELADA",IF(H11="","",IF(H11="ADMITIDO","ADMITIDO",IF(H11="CANCELADA","CANCELADA",IF(OR(H11="ANALISE CANCELAMENTO",H11="ANÁLISE CANCELAMENTO"),"EM ANÁLISE",IF(D11="","",IF(D11<=7,"NO PRAZO",IF(D11<=14,"ATENÇÃO","CRÍTICO"))))))))) -> ADMITIDO | F11: FACILITIES | G11: FREITAS | H11: ADMITIDO | I11: =IF(X11="ADMITIDO","ADMITIDO",IF(X11="CANCELADA","CANCELADA",IF(H11="","",IFERROR(_xlfn.XLOOKUP(H11,Listas!I:I,Listas!J:J),"OUTROS")))) -> ADMITIDO | J11: AUXILIAR DE SERVIÇOS GERAIS | K11: KELLY ROBERTA FRATUCCI | L11: URBAN PACAEMBU | N11: SÃO PAULO | O11: DIURNO | P11: 6X1 FOLGA DOM/FER | Q11: 09H - 07:00-16:00 C/INT SEG- SEX/04H SAB | R11: 27/04 - Cristian não compareceu na integração por 2x | T11: 11960178856 | U11: ROSI | V11: 46140 | W11: RICHARD THIAGO ARNAIS DA SILVA | X11: ADMITIDO | Y11: 46148 | Z11: 46148 | AA11: 914215 | AB11: Vai comparecer amanhã (07/05) | AD11: 0
A12: 29345 | B12: 1 | C12: 46091 | D12: =TODAY()-C12 -> 136 | E12: =IF(X12="ADMITIDO","ADMITIDO",IF(X12="CANCELADA","CANCELADA",IF(H12="","",IF(H12="ADMITIDO","ADMITIDO",IF(H12="CANCELADA","CANCELADA",IF(OR(H12="ANALISE CANCELAMENTO",H12="ANÁLISE CANCELAMENTO"),"EM ANÁLISE",IF(D12="","",IF(D12<=7,"NO PRAZO",IF(D12<=14,"ATENÇÃO","CRÍTICO"))))))))) -> ADMITIDO | F12: FACILITIES | G12: WILLIAM | H12: =X12 -> ADMITIDO | I12: =IF(X12="ADMITIDO","ADMITIDO",IF(X12="CANCELADA","CANCELADA",IF(H12="","",IFERROR(_xlfn.XLOOKUP(H12,Listas!I:I,Listas!J:J),"OUTROS")))) -> ADMITIDO | J12: AUXILIAR DE LIMPEZA | K12: CRISTIANE APARECIDA VIANA DA SILVA | L12: FACILITIES3 - RESERVA TECNICA | N12: RESERVAS | O12: DIURNO | P12: 6X1 FOLGA DOM/FER | Q12: 08:00H - 14:00 - 22:00 C/ 1H INTERV | R12: Cand Jhoni desistiu/ Cbadidata Maria desistiu/ cand. Reginaldo em documentação, desisitiu dia 08/05| Pedro aprovado 11/05| | S12: RECEPTIVO NO WHATSAPP | T12: 11 94385-3802 | U12: LUANA | V12: 46153 | W12: PEDRO AUGUSTO DA SILVA COSTA | X12: ADMITIDO | Y12: 46154 | Z12: 46155 | AA12: 145951 | AB12: MARIA APARECIDA MENDES DE SOUZA Exame agendado para o dia 29/04, porém ela não compareceu. Solicitou reagendamento e também não compareceu. Tentativas de contato sem sucesso. REGINALDO RODRIGUES DE LIMA Recebido dia 06/05 declinou por não quer mais a vaga dia 08/05, não realizou ASO | AD12: 0
A13: 29385 | B13: 1 | C13: 46093 | D13: =TODAY()-C13 -> 134 | E13: =IF(X13="ADMITIDO","ADMITIDO",IF(X13="CANCELADA","CANCELADA",IF(H13="","",IF(H13="ADMITIDO","ADMITIDO",IF(H13="CANCELADA","CANCELADA",IF(OR(H13="ANALISE CANCELAMENTO",H13="ANÁLISE CANCELAMENTO"),"EM ANÁLISE",IF(D13="","",IF(D13<=7,"NO PRAZO",IF(D13<=14,"ATENÇÃO","CRÍTICO"))))))))) -> CANCELADA | F13: FACILITIES | G13: NATHALYA | H13: CANCELADA | I13: =IF(X13="ADMITIDO","ADMITIDO",IF(X13="CANCELADA","CANCELADA",IF(H13="","",IFERROR(_xlfn.XLOOKUP(H13,Listas!I:I,Listas!J:J),"OUTROS")))) -> CANCELADA | J13: AUXILIAR DE LIMPEZA | K13: MAIARA RODRIGUES DE ANDRADE COSTA | L13: PASARGADA | N13: JUNDIAÍ | O13: DIURNO | P13: 6X1 TROCA SÁB/DOM FOLGA FER | Q13: 09H -07:00-16:00 C/INT SEG- SEX/04H S/D. | R13: CANDIDATA SIMONE APROVADA 30/03 (Desistiu da vaga) - CANDIDATA LUCIANA APROVADA 09/04 (Declinada por falta de documentos) CNAD MARIANA DO WILLIAM 29/04 | X13: CANCELADA | AB13: MARIANA GOMES: Declinou 30/04 | AD13: 0
A14: 29310 | B14: 1 | C14: 46093 | D14: =TODAY()-C14 -> 134 | E14: =IF(X14="ADMITIDO","ADMITIDO",IF(X14="CANCELADA","CANCELADA",IF(H14="","",IF(H14="ADMITIDO","ADMITIDO",IF(H14="CANCELADA","CANCELADA",IF(OR(H14="ANALISE CANCELAMENTO",H14="ANÁLISE CANCELAMENTO"),"EM ANÁLISE",IF(D14="","",IF(D14<=7,"NO PRAZO",IF(D14<=14,"ATENÇÃO","CRÍTICO"))))))))) -> ADMITIDO | F14: FACILITIES | G14: NATHALYA | H14: =X14 -> ADMITIDO | I14: =IF(X14="ADMITIDO","ADMITIDO",IF(X14="CANCELADA","CANCELADA",IF(H14="","",IFERROR(_xlfn.XLOOKUP(H14,Listas!I:I,Listas!J:J),"OUTROS")))) -> ADMITIDO | J14: bi | K14: LINDBERG TUMOLO | L14: VOLANTES - SERVICO EXTRA | N14: ADM | O14: DIURNO | P14: 5X2 FOLGA SÁB/DOM/FER | Q14: 09:48H - 07:00 - 16:48 C/ 1H INTERV | R14: CANDIDATO CLEBEERTON APROVADO 08/04 (Declinado por ser ex-funcionário, não informou durante a entrevista e não foi autorizado seu retorno) - CANDIDATO CHRISTOFER APROVADO 16/04 | S14: WHATSAPP | T14: 11 93280-6857 | U14: RITA | V14: 46128 | W14: CHRISTOFER BARBOSA ROCHA | X14: ADMITIDO | Y14: 46132 | Z14: 46135 | AA14: 914147 | AB14: Problema com documentos | AD14: 0
A15: 29310 | B15: 1 | C15: 46093 | D15: =TODAY()-C15 -> 134 | E15: =IF(X15="ADMITIDO","ADMITIDO",IF(X15="CANCELADA","CANCELADA",IF(H15="","",IF(H15="ADMITIDO","ADMITIDO",IF(H15="CANCELADA","CANCELADA",IF(OR(H15="ANALISE CANCELAMENTO",H15="ANÁLISE CANCELAMENTO"),"EM ANÁLISE",IF(D15="","",IF(D15<=7,"NO PRAZO",IF(D15<=14,"ATENÇÃO","CRÍTICO"))))))))) -> ADMITIDO | F15: FACILITIES | G15: NATHALYA | H15: =X15 -> ADMITIDO | I15: =IF(X15="ADMITIDO","ADMITIDO",IF(X15="CANCELADA","CANCELADA",IF(H15="","",IFERROR(_xlfn.XLOOKUP(H15,Listas!I:I,Listas!J:J),"OUTROS")))) -> ADMITIDO | J15: JARDINEIRO 2 | K15: LINDBERG TUMOLO | L15: VOLANTES - SERVICO EXTRA | N15: ADM | O15: DIURNO | P15: 5X2 FOLGA SÁB/DOM/FER | Q15: 09:48H - 07:00 - 16:48 C/ 1H INTERV | S15: WHATSAPP | T15: 11 92173-6036 | U15: RITA | V15: 46135 | W15: CLEBERTON APARECIDO | X15: ADMITIDO | Y15: 46140 | Z15: 46141 | AA15: 914178 | AB15: INTEGRAÇÃO DO DIA 27/04 FOI REMANEJADA A PEDIDO DO CANDIDATO PARA O DIA 28/04 | AD15: 0
A16: 29420 | B16: 1 | C16: 46097 | D16: =TODAY()-C16 -> 130 | E16: =IF(X16="ADMITIDO","ADMITIDO",IF(X16="CANCELADA","CANCELADA",IF(H16="","",IF(H16="ADMITIDO","ADMITIDO",IF(H16="CANCELADA","CANCELADA",IF(OR(H16="ANALISE CANCELAMENTO",H16="ANÁLISE CANCELAMENTO"),"EM ANÁLISE",IF(D16="","",IF(D16<=7,"NO PRAZO",IF(D16<=14,"ATENÇÃO","CRÍTICO"))))))))) -> CANCELADA | F16: FACILITIES | G16: GIOVANNA | H16: CANCELADA | I16: =IF(X16="ADMITIDO","ADMITIDO",IF(X16="CANCELADA","CANCELADA",IF(H16="","",IFERROR(_xlfn.XLOOKUP(H16,Listas!I:I,Listas!J:J),"OUTROS")))) -> CANCELADA | J16: AUXILIAR DE SERVIÇOS GERAIS | K16: MIGUEL GIOSA PIVA | L16: CAMINHOS DA SERRA 3 | N16: JUNDIAÍ | O16: DIURNO | P16: 6X1 FOLGA DOM/FER | Q16: 09H - 07:00-16:00 C/INT SEG- SEX/04H SAB | R16: A colaboradora VÂNIA foi remanejada para outro contrato | X16: CANCELADA | AD16: 0
A17: 29417 | B17: 1 | C17: 46097 | D17: =TODAY()-C17 -> 130 | E17: =IF(X17="ADMITIDO","ADMITIDO",IF(X17="CANCELADA","CANCELADA",IF(H17="","",IF(H17="ADMITIDO","ADMITIDO",IF(H17="CANCELADA","CANCELADA",IF(OR(H17="ANALISE CANCELAMENTO",H17="ANÁLISE CANCELAMENTO"),"EM ANÁLISE",IF(D17="","",IF(D17<=7,"NO PRAZO",IF(D17<=14,"ATENÇÃO","CRÍTICO"))))))))) -> ADMITIDO | F17: FACILITIES | G17: GIOVANNA | H17: ADMITIDO | I17: =IF(X17="ADMITIDO","ADMITIDO",IF(X17="CANCELADA","CANCELADA",IF(H17="","",IFERROR(_xlfn.XLOOKUP(H17,Listas!I:I,Listas!J:J),"OUTROS")))) -> ADMITIDO | J17: AUXILIAR DE LIMPEZA | K17: MIGUEL GIOSA PIVA | L17: HORIBA | N17: JUNDIAÍ | O17: DIURNO | P17: 5X2 FOLGA SÁB/DOM/FER | Q17: 09:48H - 07:00 - 16:48 C/ INTERV | S17: WHATSAPP | U17: BEATRIZ | V17: 46150 | W17: ANDREIA DO CARMO DE JESUS | X17: ADMITIDO | Y17: 46156 | Z17: 46160 | AA17: 914285 | AB17: Candidata Claudinéia declinou da vaga em 28/04 - vaga reabera / LUCIANA FERREIRA: Declinamos por falta de retorno 04.05 | AD17: 0
A18: 29444 | B18: 1 | C18: 46098 | D18: =TODAY()-C18 -> 129 | E18: =IF(X18="ADMITIDO","ADMITIDO",IF(X18="CANCELADA","CANCELADA",IF(H18="","",IF(H18="ADMITIDO","ADMITIDO",IF(H18="CANCELADA","CANCELADA",IF(OR(H18="ANALISE CANCELAMENTO",H18="ANÁLISE CANCELAMENTO"),"EM ANÁLISE",IF(D18="","",IF(D18<=7,"NO PRAZO",IF(D18<=14,"ATENÇÃO","CRÍTICO"))))))))) -> ADMITIDO | F18: FACILITIES | G18: WILLIAM | H18: =X18 -> ADMITIDO | I18: =IF(X18="ADMITIDO","ADMITIDO",IF(X18="CANCELADA","CANCELADA",IF(H18="","",IFERROR(_xlfn.XLOOKUP(H18,Listas!I:I,Listas!J:J),"OUTROS")))) -> ADMITIDO | J18: AUXILIAR DE SERVIÇOS GERAIS | K18: CRISTIANE APARECIDA VIANA DA SILVA | L18: FACILITIES3 - RESERVA TECNICA | N18: RESERVAS | O18: DIURNO | P18: 6X1 FOLGA DOM/FER | Q18: 09H - 07:00-16:00 C/INT SEG- SEX/04H SAB | R18: CANDIDATA MARIA APARECIDA APROVADA DESISTIU / IGOR aprovado 06/05 não deu mais retorno| CANDIDATO LUCAS APROVADO 08/05 FECHADO PELA NATHALYA | S18: RECEPTIVO NO WHATSAPP | T18: 119 7521-3162 | U18: BEATRIZ | V18: 46150 | W18: LUCAS VINICIUS MENDES DOS SANTOS | X18: ADMITIDO | Y18: 46154 | Z18: 46155 | AA18: 145949 | AB18: IGOR SANTOS - Atraso para subir , devido falta de documentos . Feito cadastro desistiu da vaga | AD18: 0
A19: 29429 | B19: 1 | C19: 46098 | D19: =TODAY()-C19 -> 129 | E19: =IF(X19="ADMITIDO","ADMITIDO",IF(X19="CANCELADA","CANCELADA",IF(H19="","",IF(H19="ADMITIDO","ADMITIDO",IF(H19="CANCELADA","CANCELADA",IF(OR(H19="ANALISE CANCELAMENTO",H19="ANÁLISE CANCELAMENTO"),"EM ANÁLISE",IF(D19="","",IF(D19<=7,"NO PRAZO",IF(D19<=14,"ATENÇÃO","CRÍTICO"))))))))) -> ADMITIDO | F19: FACILITIES | G19: WILLIAM | H19: ADMITIDO | I19: =IF(X19="ADMITIDO","ADMITIDO",IF(X19="CANCELADA","CANCELADA",IF(H19="","",IFERROR(_xlfn.XLOOKUP(H19,Listas!I:I,Listas!J:J),"OUTROS")))) -> ADMITIDO | J19: AUXILIAR DE LIMPEZA | K19: MAIARA RODRIGUES DE ANDRADE COSTA | L19: FACILITIES7 - RESERVA DELPHOS | N19: RESERVAS | O19: DIURNO | P19: 6X1 FOLGA DOM/FER | Q19: 09H - 07:00-16:00 C/INT SEG- SEX/04H S/D | R19: CANDIDATA ALYCIA EM PESQUISA 08/05 - CANDIDATA ALYCIA APROVADA 11/05 | S19: INDIQUE UM AMIGO | T19: 11 95585-2637 | U19: PATRICIA | W19: FRANCISCO PELE DE MOURA | X19: ADMITIDO | Y19: 46148 | Z19: 46149 | AA19: 145923 | AD19: 0
A20: 29429 | B20: 1 | C20: 46098 | D20: =TODAY()-C20 -> 129 | E20: =IF(X20="ADMITIDO","ADMITIDO",IF(X20="CANCELADA","CANCELADA",IF(H20="","",IF(H20="ADMITIDO","ADMITIDO",IF(H20="CANCELADA","CANCELADA",IF(OR(H20="ANALISE CANCELAMENTO",H20="ANÁLISE CANCELAMENTO"),"EM ANÁLISE",IF(D20="","",IF(D20<=7,"NO PRAZO",IF(D20<=14,"ATENÇÃO","CRÍTICO"))))))))) -> ADMITIDO | F20: FACILITIES | G20: NATHALYA | H20: ADMITIDO | I20: =IF(X20="ADMITIDO","ADMITIDO",IF(X20="CANCELADA","CANCELADA",IF(H20="","",IFERROR(_xlfn.XLOOKUP(H20,Listas!I:I,Listas!J:J),"OUTROS")))) -> ADMITIDO | J20: AUXILIAR DE LIMPEZA | K20: MAIARA RODRIGUES DE ANDRADE COSTA | L20: FACILITIES7 - RESERVA DELPHOS | N20: RESERVAS | O20: DIURNO | P20: 6X1 FOLGA DOM/FER | Q20: 09H - 07:00-16:00 C/INT SEG- SEX/04H S/D | R20: CANDIDATA ALYCIA EM PESQUISA 08/05 - CANDIDATA ALYCIA APROVADA 11/05 | S20: INDIQUE UM AMIGO | T20: 11 95585-2637 | U20: BEATRIZ | V20: 46153 | W20: ALYCIA CRISTINA VILELA | X20: ADMITIDO | Y20: 46157 | Z20: 46160 | AA20: 145975 | AD20: 0
A21: 29897 | B21: 1 | C21: 46126 | D21: =TODAY()-C21 -> 101 | E21: =IF(X21="ADMITIDO","ADMITIDO",IF(X21="CANCELADA","CANCELADA",IF(H21="","",IF(H21="ADMITIDO","ADMITIDO",IF(H21="CANCELADA","CANCELADA",IF(OR(H21="ANALISE CANCELAMENTO",H21="ANÁLISE CANCELAMENTO"),"EM ANÁLISE",IF(D21="","",IF(D21<=7,"NO PRAZO",IF(D21<=14,"ATENÇÃO","CRÍTICO"))))))))) -> ADMITIDO | F21: SEGURANÇA | G21: ANDREIA | H21: =X21 -> ADMITIDO | I21: =IF(X21="ADMITIDO","ADMITIDO",IF(X21="CANCELADA","CANCELADA",IF(H21="","",IFERROR(_xlfn.XLOOKUP(H21,Listas!I:I,Listas!J:J),"OUTROS")))) -> ADMITIDO | J21: VIGIA | K21: MARCELO RODRIGUES CARUNCHO CARNAVAL | L21: VILLA DAS ARTES | N21: SALTO | O21: DIURNO | P21: 12X36 | Q21: 12H - 06:00 - 18:00 C/ 1H INTERV | U21: ANA | V21: 46139 | W21: STEPHANE BEATRIZ DA SILVA | X21: ADMITIDO | Y21: 46141 | Z21: 46142 | AA21: 914200 | AD21: 0
A22: 29467 | B22: 1 | C22: 46099 | D22: =TODAY()-C22 -> 128 | E22: =IF(X22="ADMITIDO","ADMITIDO",IF(X22="CANCELADA","CANCELADA",IF(H22="","",IF(H22="ADMITIDO","ADMITIDO",IF(H22="CANCELADA","CANCELADA",IF(OR(H22="ANALISE CANCELAMENTO",H22="ANÁLISE CANCELAMENTO"),"EM ANÁLISE",IF(D22="","",IF(D22<=7,"NO PRAZO",IF(D22<=14,"ATENÇÃO","CRÍTICO"))))))))) -> ADMITIDO | F22: FACILITIES | G22: NATHALYA | H22: =X22 -> ADMITIDO | I22: =IF(X22="ADMITIDO","ADMITIDO",IF(X22="CANCELADA","CANCELADA",IF(H22="","",IFERROR(_xlfn.XLOOKUP(H22,Listas!I:I,Listas!J:J),"OUTROS")))) -> ADMITIDO | J22: AUXILIAR DE LIMPEZA | K22: MAIARA RODRIGUES DE ANDRADE COSTA | L22: SPAZIO BONFIGLIOLI | N22: JUNDIAÍ | O22: DIURNO | P22: 6X1 FOLGA DOM/FER | Q22: 09H - 08:00-17:00 C/INT SEG- SEX/04H SAB | R22: CANDIDATA REGINA APROVADA 20/03 (Parou de responder) - CANDIDATA ELIANA APROVADA 24/03 (Parou de responder) - CANDIDATA LUCIMAR APROVADA 13/04 | S22: WHATSAPP | T22: 11 95244-1563 | U22: RITA | V22: 46125 | W22: LUCIMAR DA SILVA PEREIRA | X22: ADMITIDO | Y22: 46132 | Z22: 46134 | AA22: 145849 | AB22: Inicio acordado com a recrutadora | AD22: 0
A23: 29800 | B23: 1 | C23: 46122 | D23: =TODAY()-C23 -> 105 | E23: =IF(X23="ADMITIDO","ADMITIDO",IF(X23="CANCELADA","CANCELADA",IF(H23="","",IF(H23="ADMITIDO","ADMITIDO",IF(H23="CANCELADA","CANCELADA",IF(OR(H23="ANALISE CANCELAMENTO",H23="ANÁLISE CANCELAMENTO"),"EM ANÁLISE",IF(D23="","",IF(D23<=7,"NO PRAZO",IF(D23<=14,"ATENÇÃO","CRÍTICO"))))))))) -> ADMITIDO | F23: FACILITIES | G23: FREITAS | H23: =X23 -> ADMITIDO | I23: =IF(X23="ADMITIDO","ADMITIDO",IF(X23="CANCELADA","CANCELADA",IF(H23="","",IFERROR(_xlfn.XLOOKUP(H23,Listas!I:I,Listas!J:J),"OUTROS")))) -> ADMITIDO | J23: AUXILIAR DE LIMPEZA | K23: KELLY ROBERTA FRATUCCI | L23: ADP BRASIL - MATRIZ SP | N23: SÃO PAULO | O23: DIURNO | P23: 6X1 FOLGA DOM/FER | Q23: 08:20H - 13:40 - 22:00 C/ 1H INTERV | U23: ROSI | V23: 46129 | W23: LIGIA CLAUDIA DA SILVA | X23: ADMITIDO | Y23: 46135 | Z23: 46136 | AA23: 914148 | AD23: 0
A24: 29472 | B24: 1 | C24: 46100 | D24: =TODAY()-C24 -> 127 | E24: =IF(X24="ADMITIDO","ADMITIDO",IF(X24="CANCELADA","CANCELADA",IF(H24="","",IF(H24="ADMITIDO","ADMITIDO",IF(H24="CANCELADA","CANCELADA",IF(OR(H24="ANALISE CANCELAMENTO",H24="ANÁLISE CANCELAMENTO"),"EM ANÁLISE",IF(D24="","",IF(D24<=7,"NO PRAZO",IF(D24<=14,"ATENÇÃO","CRÍTICO"))))))))) -> CANCELADA | F24: FACILITIES | G24: GIOVANNA | H24: CANCELADA | I24: =IF(X24="ADMITIDO","ADMITIDO",IF(X24="CANCELADA","CANCELADA",IF(H24="","",IFERROR(_xlfn.XLOOKUP(H24,Listas!I:I,Listas!J:J),"OUTROS")))) -> CANCELADA | J24: AUXILIAR DE LIMPEZA | K24: THAIS ALVES DE SOUZA | L24: GRANI AMICI | N24: JUNDIAÍ | O24: DIURNO | P24: 6X1 FOLGA DOM/FER | Q24: 09H - 12:00-21:00 C/ INT SEG-SEX/04H SAB | R24: Vaga Cancelada por Souza via email 20/04 | X24: CANCELADA | AD24: 0
A25: 29490 | B25: 1 | C25: 46101 | D25: =TODAY()-C25 -> 126 | E25: =IF(X25="ADMITIDO","ADMITIDO",IF(X25="CANCELADA","CANCELADA",IF(H25="","",IF(H25="ADMITIDO","ADMITIDO",IF(H25="CANCELADA","CANCELADA",IF(OR(H25="ANALISE CANCELAMENTO",H25="ANÁLISE CANCELAMENTO"),"EM ANÁLISE",IF(D25="","",IF(D25<=7,"NO PRAZO",IF(D25<=14,"ATENÇÃO","CRÍTICO"))))))))) -> ADMITIDO | F25: FACILITIES | G25: NATHALYA | H25: ADMITIDO | I25: =IF(X25="ADMITIDO","ADMITIDO",IF(X25="CANCELADA","CANCELADA",IF(H25="","",IFERROR(_xlfn.XLOOKUP(H25,Listas!I:I,Listas!J:J),"OUTROS")))) -> ADMITIDO | J25: AUXILIAR DE SERVIÇOS GERAIS | K25: MAIARA RODRIGUES DE ANDRADE COSTA | L25: FACILITIES7 - RESERVA TECNICA | N25: JUNDIAÍ | O25: DIURNO | P25: 6X1 FOLGA DOM/FER | Q25: 09H - 07:00-16:00 C/INT SEG- SEX/04H SAB | U25: RITA | V25: 46148 | W25: KAYAN VICTOR WESCESLAU MARTINS | X25: ADMITIDO | Y25: 46150 | Z25: 46153 | AA25: 145936 | AD25: 0
A26: 29485 | B26: 1 | C26: 46101 | D26: =TODAY()-C26 -> 126 | E26: =IF(X26="ADMITIDO","ADMITIDO",IF(X26="CANCELADA","CANCELADA",IF(H26="","",IF(H26="ADMITIDO","ADMITIDO",IF(H26="CANCELADA","CANCELADA",IF(OR(H26="ANALISE CANCELAMENTO",H26="ANÁLISE CANCELAMENTO"),"EM ANÁLISE",IF(D26="","",IF(D26<=7,"NO PRAZO",IF(D26<=14,"ATENÇÃO","CRÍTICO"))))))))) -> CANCELADA | F26: FACILITIES | G26: ELONY | H26: CANCELADA | I26: =IF(X26="ADMITIDO","ADMITIDO",IF(X26="CANCELADA","CANCELADA",IF(H26="","",IFERROR(_xlfn.XLOOKUP(H26,Listas!I:I,Listas!J:J),"OUTROS")))) -> CANCELADA | J26: LÍDER DE LIMPEZA 13 | K26: ELIANA MARIA MOREIRA BRANSANI | L26: FACULDADE SAO LEOPOLDO MANDIC - MATRIZ | N26: CAMPINAS | O26: NOTURNO | P26: 6X1 FOLGA DOM/FER | Q26: 08H - 22:00 - 06:00 C/ 1H INTERV | R26: Haverá promoção Interna - Supervisora Eliana - 20/04 - aguardar Elony, aporvado o cancelamento Eliana via whats | X26: CANCELADA | AD26: 0
A27: 29480 | B27: 1 | C27: 46101 | D27: =TODAY()-C27 -> 126 | E27: =IF(X27="ADMITIDO","ADMITIDO",IF(X27="CANCELADA","CANCELADA",IF(H27="","",IF(H27="ADMITIDO","ADMITIDO",IF(H27="CANCELADA","CANCELADA",IF(OR(H27="ANALISE CANCELAMENTO",H27="ANÁLISE CANCELAMENTO"),"EM ANÁLISE",IF(D27="","",IF(D27<=7,"NO PRAZO",IF(D27<=14,"ATENÇÃO","CRÍTICO"))))))))) -> CANCELADA | F27: ADM | G27: ANDREIA | H27: CANCELADA | I27: =IF(X27="ADMITIDO","ADMITIDO",IF(X27="CANCELADA","CANCELADA",IF(H27="","",IFERROR(_xlfn.XLOOKUP(H27,Listas!I:I,Listas!J:J),"OUTROS")))) -> CANCELADA | J27: ASSISTENTE OPERACIONAL 3 | K27: MARCOS TOLEDO | L27: PCO - PLANEJAMENTO E CONTROLE OPERACIONAL | N27: ADM | O27: DIURNO | P27: 12X36 | Q27: 12H - 06:00 - 18:00 C/ 1H INTERV | X27: CANCELADA | AD27: 0
A28: 29502 | B28: 1 | C28: 46104 | D28: =TODAY()-C28 -> 123 | E28: =IF(X28="ADMITIDO","ADMITIDO",IF(X28="CANCELADA","CANCELADA",IF(H28="","",IF(H28="ADMITIDO","ADMITIDO",IF(H28="CANCELADA","CANCELADA",IF(OR(H28="ANALISE CANCELAMENTO",H28="ANÁLISE CANCELAMENTO"),"EM ANÁLISE",IF(D28="","",IF(D28<=7,"NO PRAZO",IF(D28<=14,"ATENÇÃO","CRÍTICO"))))))))) -> ADMITIDO | F28: VIGILANCIA | G28: GIOVANNA | H28: =X28 -> ADMITIDO | I28: =IF(X28="ADMITIDO","ADMITIDO",IF(X28="CANCELADA","CANCELADA",IF(H28="","",IFERROR(_xlfn.XLOOKUP(H28,Listas!I:I,Listas!J:J),"OUTROS")))) -> ADMITIDO | J28: VIGILANTE | K28: EVALDO ALMEIDA SANTOS | L28: CROWN EMBALAGENS | N28: CABREÚVA | O28: NOTURNO | P28: 12X36 | Q28: 12H - 18:00 - 06:00 C/ 1H INTERV | S28: INDICAÇÃO SUP. EVALDO | T28: +55 15 99143-0502 | U28: BEATRIZ | V28: 46126 | W28: PABLO HENRIQUE PORFIRIO GUSMÃO | X28: ADMITIDO | Y28: 46132 | Z28: 46133 | AA28: 83266 | AD28: 0
A29: 29520 | B29: 1 | C29: 46104 | D29: =TODAY()-C29 -> 123 | E29: =IF(X29="ADMITIDO","ADMITIDO",IF(X29="CANCELADA","CANCELADA",IF(H29="","",IF(H29="ADMITIDO","ADMITIDO",IF(H29="CANCELADA","CANCELADA",IF(OR(H29="ANALISE CANCELAMENTO",H29="ANÁLISE CANCELAMENTO"),"EM ANÁLISE",IF(D29="","",IF(D29<=7,"NO PRAZO",IF(D29<=14,"ATENÇÃO","CRÍTICO"))))))))) -> ADMITIDO | F29: FACILITIES | G29: ELONY | H29: ADMITIDO | I29: =IF(X29="ADMITIDO","ADMITIDO",IF(X29="CANCELADA","CANCELADA",IF(H29="","",IFERROR(_xlfn.XLOOKUP(H29,Listas!I:I,Listas!J:J),"OUTROS")))) -> ADMITIDO | J29: OPERADOR DE EMPILHADEIRA 8 | K29: ELIANA MARIA MOREIRA BRANSANI | L29: FITESA NAO TECIDOS S/A | N29: COSMÓPOLIS | O29: DIURNO | P29: 3X3 TRABALHA FERIADO | Q29: 12H - 06:00 - 18:00 C/ 1H INTERV | R29: Funcionário aguadando Liberação do Cliente /Enviado email Nejos dia 23/04 cobrando data de inicio | U29: ANA | V29: 46154 | W29: LUCAS HENRIQUE COLASANTO | X29: ADMITIDO | Y29: 46160 | Z29: 46161 | AA29: 914295 | AD29: 0
A30: 29699 | B30: 1 | C30: 46114 | D30: =TODAY()-C30 -> 113 | E30: =IF(X30="ADMITIDO","ADMITIDO",IF(X30="CANCELADA","CANCELADA",IF(H30="","",IF(H30="ADMITIDO","ADMITIDO",IF(H30="CANCELADA","CANCELADA",IF(OR(H30="ANALISE CANCELAMENTO",H30="ANÁLISE CANCELAMENTO"),"EM ANÁLISE",IF(D30="","",IF(D30<=7,"NO PRAZO",IF(D30<=14,"ATENÇÃO","CRÍTICO"))))))))) -> ADMITIDO | F30: FACILITIES | G30: FREITAS | H30: =X30 -> ADMITIDO | I30: =IF(X30="ADMITIDO","ADMITIDO",IF(X30="CANCELADA","CANCELADA",IF(H30="","",IFERROR(_xlfn.XLOOKUP(H30,Listas!I:I,Listas!J:J),"OUTROS")))) -> ADMITIDO | J30: AUXILIAR DE SERVIÇOS GERAIS | K30: MARICLEIA CARDOSO SOARES | L30: ITW CHEMICAL | N30: EMBU | O30: DIURNO | P30: 5X2 FOLGA SÁB/DOM/FER | Q30: 09:48H - 06:00 - 15:48 C/ 1H INTERV | U30: ROSI | V30: 46135 | W30: JAENIA GRACIELA SANTOS BRITO | X30: ADMITIDO | Y30: 46139 | Z30: 46140 | AA30: 145885 | AD30: 0
A31: 29519 | B31: 1 | C31: 46104 | D31: =TODAY()-C31 -> 123 | E31: =IF(X31="ADMITIDO","ADMITIDO",IF(X31="CANCELADA","CANCELADA",IF(H31="","",IF(H31="ADMITIDO","ADMITIDO",IF(H31="CANCELADA","CANCELADA",IF(OR(H31="ANALISE CANCELAMENTO",H31="ANÁLISE CANCELAMENTO"),"EM ANÁLISE",IF(D31="","",IF(D31<=7,"NO PRAZO",IF(D31<=14,"ATENÇÃO","CRÍTICO"))))))))) -> ADMITIDO | F31: FACILITIES | G31: WILLIAM | H31: =X31 -> ADMITIDO | I31: =IF(X31="ADMITIDO","ADMITIDO",IF(X31="CANCELADA","CANCELADA",IF(H31="","",IFERROR(_xlfn.XLOOKUP(H31,Listas!I:I,Listas!J:J),"OUTROS")))) -> ADMITIDO | J31: AUXILIAR DE MANUTENÇÃO 6 | K31: CRISTIANE APARECIDA VIANA DA SILVA | L31: VISTA PARK | N31: JUNDIAÍ | O31: DIURNO | P31: 6X1 FOLGA DOM/FER | Q31: 09H - 08:00-17:00 C/INT SEG- SEX/04H SAB | R31: CANDIDATO NA NATHALIA | T31: 11 99298-7428 | U31: BEATRIZ | V31: 46129 | W31: STIVE CARDOSO DA LUZ | X31: ADMITIDO | Y31: 46135 | Z31: 46136 | AA31: 914130 | AD31: 0
A32: 29488 | B32: 1 | C32: 46105 | D32: =TODAY()-C32 -> 122 | E32: =IF(X32="ADMITIDO","ADMITIDO",IF(X32="CANCELADA","CANCELADA",IF(H32="","",IF(H32="ADMITIDO","ADMITIDO",IF(H32="CANCELADA","CANCELADA",IF(OR(H32="ANALISE CANCELAMENTO",H32="ANÁLISE CANCELAMENTO"),"EM ANÁLISE",IF(D32="","",IF(D32<=7,"NO PRAZO",IF(D32<=14,"ATENÇÃO","CRÍTICO"))))))))) -> ADMITIDO | F32: FACILITIES | G32: ELONY | H32: =X32 -> ADMITIDO | I32: =IF(X32="ADMITIDO","ADMITIDO",IF(X32="CANCELADA","CANCELADA",IF(H32="","",IFERROR(_xlfn.XLOOKUP(H32,Listas!I:I,Listas!J:J),"OUTROS")))) -> ADMITIDO | J32: ENCARREGADO DE LIMPEZA 5 | K32: ELIANA MARIA MOREIRA BRANSANI | L32: FACULDADE SAO LEOPOLDO MANDIC - MATRIZ | N32: CAMPINAS | O32: DIURNO | P32: 6X1 FOLGA DOM/FER | Q32: 08:20H - 13:40 - 22:00 C/ 1H INTERV | R32: Indicada pelo cliente | T32: 19 98830 1725 | U32: ANA | V32: 46135 | W32: FATIMA DOS REIS LEÃO | X32: ADMITIDO | Y32: 46141 | Z32: 46142 | AA32: 145897 | AD32: 0
A33: 29529 | B33: 1 | C33: 46105 | D33: =TODAY()-C33 -> 122 | E33: =IF(X33="ADMITIDO","ADMITIDO",IF(X33="CANCELADA","CANCELADA",IF(H33="","",IF(H33="ADMITIDO","ADMITIDO",IF(H33="CANCELADA","CANCELADA",IF(OR(H33="ANALISE CANCELAMENTO",H33="ANÁLISE CANCELAMENTO"),"EM ANÁLISE",IF(D33="","",IF(D33<=7,"NO PRAZO",IF(D33<=14,"ATENÇÃO","CRÍTICO"))))))))) -> ADMITIDO | F33: SEGURANÇA | G33: ELONY | H33: =X33 -> ADMITIDO | I33: =IF(X33="ADMITIDO","ADMITIDO",IF(X33="CANCELADA","CANCELADA",IF(H33="","",IFERROR(_xlfn.XLOOKUP(H33,Listas!I:I,Listas!J:J),"OUTROS")))) -> ADMITIDO | J33: VIGIA CONDUTOR | K33: JOSIMAR ALVES DE LIMA | L33: JARDIM DOS LAGOS | N33: INDAIATUBA | O33: NOTURNO | P33: 12X36 | Q33: 12H - 18:00 - 06:00 C/ 1H INTERV | T33: 19 99805 1068 | U33: ANA | V33: 46132 | W33: LARISSA CRISTINA DE MELO SANTOS | X33: ADMITIDO | Y33: 46148 | Z33: 46149 | AA33: 914229 | AD33: 0
A34: 29521 | B34: 1 | C34: 46105 | D34: =TODAY()-C34 -> 122 | E34: =IF(X34="ADMITIDO","ADMITIDO",IF(X34="CANCELADA","CANCELADA",IF(H34="","",IF(H34="ADMITIDO","ADMITIDO",IF(H34="CANCELADA","CANCELADA",IF(OR(H34="ANALISE CANCELAMENTO",H34="ANÁLISE CANCELAMENTO"),"EM ANÁLISE",IF(D34="","",IF(D34<=7,"NO PRAZO",IF(D34<=14,"ATENÇÃO","CRÍTICO"))))))))) -> ADMITIDO | F34: FACILITIES | G34: FREITAS | H34: ADMITIDO | I34: =IF(X34="ADMITIDO","ADMITIDO",IF(X34="CANCELADA","CANCELADA",IF(H34="","",IFERROR(_xlfn.XLOOKUP(H34,Listas!I:I,Listas!J:J),"OUTROS")))) -> ADMITIDO | J34: AUXILIAR DE LIMPEZA | K34: MARICLEIA CARDOSO SOARES | L34: NEO PARTS | N34: TATUÍ | O34: DIURNO | P34: 6X1 TROCA SAB FOL DOM/FER | Q34: 08:20H - 13:40 - 22:00 C/ 1H INTERV | S34: RE 141366 - JACIRA | T34: 15996712142 | U34: PATRICIA | V34: 46134 | W34: CLAUDIA APARECIDA PAES CAMARGO | X34: ADMITIDO | Y34: 46146 | Z34: 46146 | AA34: 145910 | AB34: Patricia, atualizar | AD34: 0
A35: 29533 | B35: 1 | C35: 46105 | D35: =TODAY()-C35 -> 122 | E35: =IF(X35="ADMITIDO","ADMITIDO",IF(X35="CANCELADA","CANCELADA",IF(H35="","",IF(H35="ADMITIDO","ADMITIDO",IF(H35="CANCELADA","CANCELADA",IF(OR(H35="ANALISE CANCELAMENTO",H35="ANÁLISE CANCELAMENTO"),"EM ANÁLISE",IF(D35="","",IF(D35<=7,"NO PRAZO",IF(D35<=14,"ATENÇÃO","CRÍTICO"))))))))) -> ADMITIDO | F35: FACILITIES | G35: GIOVANNA | H35: ADMITIDO | I35: =IF(X35="ADMITIDO","ADMITIDO",IF(X35="CANCELADA","CANCELADA",IF(H35="","",IFERROR(_xlfn.XLOOKUP(H35,Listas!I:I,Listas!J:J),"OUTROS")))) -> ADMITIDO | J35: AUXILIAR DE SERVIÇOS GERAIS | K35: MIGUEL GIOSA PIVA | L35: SENSIENT | N35: JUNDIAÍ | O35: DIURNO | P35: 5X2 FOLGA SÁB/DOM/FER | Q35: 08H - 14:00 - 22:00 C/ 1 INTERV | R35: Desistência de candidatos, Reteve JERONIMO SANTOS DE ALMEIDA | U35: BEATRIZ | V35: 46160 | W35: CLEVERSON ANTONIO PAULA | X35: ADMITIDO | Y35: 46162 | Z35: 46163 | AA35: 145987 | AD35: 5
A36: 29554 | B36: 1 | C36: 46106 | D36: =TODAY()-C36 -> 121 | E36: =IF(X36="ADMITIDO","ADMITIDO",IF(X36="CANCELADA","CANCELADA",IF(H36="","",IF(H36="ADMITIDO","ADMITIDO",IF(H36="CANCELADA","CANCELADA",IF(OR(H36="ANALISE CANCELAMENTO",H36="ANÁLISE CANCELAMENTO"),"EM ANÁLISE",IF(D36="","",IF(D36<=7,"NO PRAZO",IF(D36<=14,"ATENÇÃO","CRÍTICO"))))))))) -> ADMITIDO | F36: FACILITIES | G36: FREITAS | H36: ADMITIDO | I36: =IF(X36="ADMITIDO","ADMITIDO",IF(X36="CANCELADA","CANCELADA",IF(H36="","",IFERROR(_xlfn.XLOOKUP(H36,Listas!I:I,Listas!J:J),"OUTROS")))) -> ADMITIDO | J36: AUXILIAR DE LIMPEZA | K36: KELLY ROBERTA FRATUCCI | L36: URBAN LIVING PACAEMBU | N36: SÃO PAULO | O36: DIURNO | P36: 6X1 TROCA SÁB/DOM | Q36: 08:20H - 11:00 - 19:20 C/ 1H INTERV | R36: Candidato Jose Luiz declinou da vaga dia 17/04 | T36: 11971655331 | U36: ROSI | V36: 46135 | W36: ELITON JAIRMILE DOS SANTOS | X36: ADMITIDO | Y36: 46117 | Z36: 46117 | AD36: 0
A37: 29546 | B37: 1 | C37: 46106 | D37: =TODAY()-C37 -> 121 | E37: =IF(X37="ADMITIDO","ADMITIDO",IF(X37="CANCELADA","CANCELADA",IF(H37="","",IF(H37="ADMITIDO","ADMITIDO",IF(H37="CANCELADA","CANCELADA",IF(OR(H37="ANALISE CANCELAMENTO",H37="ANÁLISE CANCELAMENTO"),"EM ANÁLISE",IF(D37="","",IF(D37<=7,"NO PRAZO",IF(D37<=14,"ATENÇÃO","CRÍTICO"))))))))) -> ADMITIDO | F37: FACILITIES | G37: WILLIAM | H37: ADMITIDO | I37: =IF(X37="ADMITIDO","ADMITIDO",IF(X37="CANCELADA","CANCELADA",IF(H37="","",IFERROR(_xlfn.XLOOKUP(H37,Listas!I:I,Listas!J:J),"OUTROS")))) -> ADMITIDO | J37: AUXILIAR DE LIMPEZA | K37: CRISTIANE APARECIDA VIANA DA SILVA | L37: VISTA PARK | N37: JUNDIAÍ | O37: DIURNO | P37: 6X1 TROCA SÁB/DOM FOLGA FER | Q37: 09H - 08:00-17:00 C/INT - 12H-16H S/D | R37: CANDIDATA GINEUSA APROVADA | S37: RECEPTIVO NO WHATSAPP | U37: PATRICIA | V37: 46126 | W37: GINEUSA SILVA | X37: ADMITIDO | Y37: 46132 | Z37: 46134 | AA37: 914152 | AD37: 0
A38: 29564 | B38: 1 | C38: 46107 | D38: =TODAY()-C38 -> 120 | E38: =IF(X38="ADMITIDO","ADMITIDO",IF(X38="CANCELADA","CANCELADA",IF(H38="","",IF(H38="ADMITIDO","ADMITIDO",IF(H38="CANCELADA","CANCELADA",IF(OR(H38="ANALISE CANCELAMENTO",H38="ANÁLISE CANCELAMENTO"),"EM ANÁLISE",IF(D38="","",IF(D38<=7,"NO PRAZO",IF(D38<=14,"ATENÇÃO","CRÍTICO"))))))))) -> ADMITIDO | F38: FACILITIES | G38: ELONY | H38: ADMITIDO | I38: =IF(X38="ADMITIDO","ADMITIDO",IF(X38="CANCELADA","CANCELADA",IF(H38="","",IFERROR(_xlfn.XLOOKUP(H38,Listas!I:I,Listas!J:J),"OUTROS")))) -> ADMITIDO | J38: AUXILIAR DE LIMPEZA 23 | K38: GISLENE BESSA DOS SANTOS LOPES | L38: CAEP | N38: CAMPINAS | O38: DIURNO | P38: 6X1 FOLGA SEXTA | Q38: 08:20H - 06:00 - 14:20 C/ 1H INTERV* | U38: ANA | V38: 46146 | W38: YELEZITA MARIA | X38: ADMITIDO | Y38: 46155 | Z38: 46156 | AA38: 145944 | AB38: Indicação de supervisão - aguardou termono do aviso | AD38: 0
A39: 29581 | B39: 1 | C39: 46107 | D39: =TODAY()-C39 -> 120 | E39: =IF(X39="ADMITIDO","ADMITIDO",IF(X39="CANCELADA","CANCELADA",IF(H39="","",IF(H39="ADMITIDO","ADMITIDO",IF(H39="CANCELADA","CANCELADA",IF(OR(H39="ANALISE CANCELAMENTO",H39="ANÁLISE CANCELAMENTO"),"EM ANÁLISE",IF(D39="","",IF(D39<=7,"NO PRAZO",IF(D39<=14,"ATENÇÃO","CRÍTICO"))))))))) -> CANCELADA | F39: FACILITIES | G39: GABRIELA | H39: CANCELADA | I39: =IF(X39="ADMITIDO","ADMITIDO",IF(X39="CANCELADA","CANCELADA",IF(H39="","",IFERROR(_xlfn.XLOOKUP(H39,Listas!I:I,Listas!J:J),"OUTROS")))) -> CANCELADA | J39: AUXILIAR DE LIMPEZA | K39: ELIANA MARIA MOREIRA BRANSANI | L39: CAMPINAS5 - FERISTA - FACILITIES | N39: RESERVAS | O39: DIURNO | P39: 5X2 FOLGA SÁB/DOM/FER | Q39: 09:48H - 07:00 - 16:48 C/ 1H INTERV | R39: Vaga de ferista regisão de Indaiatuba | T39: 19 99281-2609 | U39: ANA | V39: 46059 | W39: MIRELLA TORRES VICTOR PEREIRA | X39: CANCELADA | AB39: Candidata - BRUNA CUSTÓDIA DE SOUSA NEVES desistiu no dia 17/04 / MIRELLA TORRES VICTOR PEREIRA 08/06 declinou | AC39: 02/06/26 | AD39: 2
A40: 29572 | B40: 1 | C40: 46107 | D40: =TODAY()-C40 -> 120 | E40: =IF(X40="ADMITIDO","ADMITIDO",IF(X40="CANCELADA","CANCELADA",IF(H40="","",IF(H40="ADMITIDO","ADMITIDO",IF(H40="CANCELADA","CANCELADA",IF(OR(H40="ANALISE CANCELAMENTO",H40="ANÁLISE CANCELAMENTO"),"EM ANÁLISE",IF(D40="","",IF(D40<=7,"NO PRAZO",IF(D40<=14,"ATENÇÃO","CRÍTICO"))))))))) -> CANCELADA | F40: FACILITIES | G40: GIOVANNA | H40: CANCELADA | I40: =IF(X40="ADMITIDO","ADMITIDO",IF(X40="CANCELADA","CANCELADA",IF(H40="","",IFERROR(_xlfn.XLOOKUP(H40,Listas!I:I,Listas!J:J),"OUTROS")))) -> CANCELADA | J40: AUXILIAR DE LIMPEZA | K40: MIGUEL GIOSA PIVA | L40: MORADA DA SERRA | N40: JUNDIAÍ | O40: DIURNO | P40: 6X1 TROCA SÁB/DOM FOLGA FER | Q40: 09H - 08:00-17:00 C/INT SEG- SEX/04H SD | R40: Remanejamento interno | X40: CANCELADA | AD40: 0
A41: 30078 | B41: 1 | C41: 46139 | D41: =TODAY()-C41 -> 88 | E41: =IF(X41="ADMITIDO","ADMITIDO",IF(X41="CANCELADA","CANCELADA",IF(H41="","",IF(H41="ADMITIDO","ADMITIDO",IF(H41="CANCELADA","CANCELADA",IF(OR(H41="ANALISE CANCELAMENTO",H41="ANÁLISE CANCELAMENTO"),"EM ANÁLISE",IF(D41="","",IF(D41<=7,"NO PRAZO",IF(D41<=14,"ATENÇÃO","CRÍTICO"))))))))) -> ADMITIDO | F41: FACILITIES | G41: AMANDA | H41: ADMITIDO | I41: =IF(X41="ADMITIDO","ADMITIDO",IF(X41="CANCELADA","CANCELADA",IF(H41="","",IFERROR(_xlfn.XLOOKUP(H41,Listas!I:I,Listas!J:J),"OUTROS")))) -> ADMITIDO | J41: AUXILIAR DE SERVIÇOS GERAIS | K41: FLAVIA BATISTA DE LIMA | L41: A AZEVEDO | N41: ITUPEVA | O41: DIURNO | P41: 6X1 TROCA SÁB/DOM FOLGA FER | Q41: 09H - 0600-1500 C/INT SEG-SEX/04H S/D | U41: BEATRIZ | V41: 46153 | W41: RAQUEL DE CAMPOS | X41: ADMITIDO | Y41: 46156 | Z41: 46160 | AA41: 145962 | AD41: 0
A42: 29598 | B42: 1 | C42: 46108 | D42: =TODAY()-C42 -> 119 | E42: =IF(X42="ADMITIDO","ADMITIDO",IF(X42="CANCELADA","CANCELADA",IF(H42="","",IF(H42="ADMITIDO","ADMITIDO",IF(H42="CANCELADA","CANCELADA",IF(OR(H42="ANALISE CANCELAMENTO",H42="ANÁLISE CANCELAMENTO"),"EM ANÁLISE",IF(D42="","",IF(D42<=7,"NO PRAZO",IF(D42<=14,"ATENÇÃO","CRÍTICO"))))))))) -> ADMITIDO | F42: FACILITIES | G42: GIOVANNA | H42: ADMITIDO | I42: =IF(X42="ADMITIDO","ADMITIDO",IF(X42="CANCELADA","CANCELADA",IF(H42="","",IFERROR(_xlfn.XLOOKUP(H42,Listas!I:I,Listas!J:J),"OUTROS")))) -> ADMITIDO | J42: AUXILIAR DE SERVIÇOS GERAIS | K42: MIGUEL GIOSA PIVA | L42: DUO RESERVA DO JAPI | N42: JUNDIAÍ | O42: DIURNO | P42: 6X1 TROCA SÁB/DOM | Q42: 09H - 08:00-17:00 C/INT SEG- SEX/04H SDF | R42: Colaboradora Cristiana não compareceu no posto no qual foi remanejada | S42: WHATSAPP | T42: (11) 91777-7803. | U42: LUANA | V42: 46150 | W42: SANDRA REGINA BORGES DA SILVA | X42: ADMITIDO | Y42: 46155 | Z42: 46156 | AA42: 145963 | AB42: ROSELEI ALVES DA ROCHA - declinou do processo 04.05 | AD42: 0
A43: 29626 | B43: 1 | C43: 46111 | D43: =TODAY()-C43 -> 116 | E43: =IF(X43="ADMITIDO","ADMITIDO",IF(X43="CANCELADA","CANCELADA",IF(H43="","",IF(H43="ADMITIDO","ADMITIDO",IF(H43="CANCELADA","CANCELADA",IF(OR(H43="ANALISE CANCELAMENTO",H43="ANÁLISE CANCELAMENTO"),"EM ANÁLISE",IF(D43="","",IF(D43<=7,"NO PRAZO",IF(D43<=14,"ATENÇÃO","CRÍTICO"))))))))) -> ADMITIDO | F43: FACILITIES | G43: AMANDA | H43: =X43 -> ADMITIDO | I43: =IF(X43="ADMITIDO","ADMITIDO",IF(X43="CANCELADA","CANCELADA",IF(H43="","",IFERROR(_xlfn.XLOOKUP(H43,Listas!I:I,Listas!J:J),"OUTROS")))) -> ADMITIDO | J43: AUXILIAR DE SERVIÇOS GERAIS | K43: FLAVIA BATISTA DE LIMA | L43: A AZEVEDO | N43: ITUPEVA | O43: DIURNO | P43: 6X1 TROCA SÁB/DOM FOLGA FER | Q43: 09H - 0600-1500 C/INT SEG-SEX/04H S/D | R43: Candidata desistiu da vaga por causa dos filhos | T43: +55 11 94377-6921 | U43: BEATRIZ | V43: 46135 | W43: GIZELE SILVA DE JESUS | X43: ADMITIDO | Y43: 46139 | Z43: 46141 | AA43: 145894 | AD43: 0
A44: 29624 | B44: 1 | C44: 46111 | D44: =TODAY()-C44 -> 116 | E44: =IF(X44="ADMITIDO","ADMITIDO",IF(X44="CANCELADA","CANCELADA",IF(H44="","",IF(H44="ADMITIDO","ADMITIDO",IF(H44="CANCELADA","CANCELADA",IF(OR(H44="ANALISE CANCELAMENTO",H44="ANÁLISE CANCELAMENTO"),"EM ANÁLISE",IF(D44="","",IF(D44<=7,"NO PRAZO",IF(D44<=14,"ATENÇÃO","CRÍTICO"))))))))) -> CANCELADA | F44: FACILITIES | G44: NATHALYA | H44: CANCELADA | I44: =IF(X44="ADMITIDO","ADMITIDO",IF(X44="CANCELADA","CANCELADA",IF(H44="","",IFERROR(_xlfn.XLOOKUP(H44,Listas!I:I,Listas!J:J),"OUTROS")))) -> CANCELADA | J44: AUXILIAR DE LIMPEZA | K44: MAIARA RODRIGUES DE ANDRADE COSTA | L44: RESORT SANTA ANGELA | N44: JUNDIAÍ | O44: DIURNO | P44: 6X1 TROCA SÁB/DOM | Q44: 09H - 07:00-16:00 C/INT SEG- SEX/04H S/D | R44: CANDIDATA ELAINE APROVADA 09/04 (Desistiu da vaga por motivos particulares) - CANDIDATA BRUNA EM DVC 30/04 | S44: WHATSAPP | T44: 11 97565-7952 | X44: CANCELADA | AB44: CANDIDATA ELAINE APROVADA 09-04 (desistencia por motivos de saúde) - CANDIDATA ELAINE RETORNOU PARA O PROCESSO 23-04 (parou de responder) DECLINANDO A VAGA | AD44: 0
A45: 29625 | B45: 1 | C45: 46111 | D45: =TODAY()-C45 -> 116 | E45: =IF(X45="ADMITIDO","ADMITIDO",IF(X45="CANCELADA","CANCELADA",IF(H45="","",IF(H45="ADMITIDO","ADMITIDO",IF(H45="CANCELADA","CANCELADA",IF(OR(H45="ANALISE CANCELAMENTO",H45="ANÁLISE CANCELAMENTO"),"EM ANÁLISE",IF(D45="","",IF(D45<=7,"NO PRAZO",IF(D45<=14,"ATENÇÃO","CRÍTICO"))))))))) -> ADMITIDO | F45: FACILITIES | G45: NATHALYA | H45: =X45 -> ADMITIDO | I45: =IF(X45="ADMITIDO","ADMITIDO",IF(X45="CANCELADA","CANCELADA",IF(H45="","",IFERROR(_xlfn.XLOOKUP(H45,Listas!I:I,Listas!J:J),"OUTROS")))) -> ADMITIDO | J45: AUXILIAR DE LIMPEZA | K45: MAIARA RODRIGUES DE ANDRADE COSTA | L45: THE ONE OFFICE | N45: JUNDIAÍ | O45: DIURNO | P45: 6X1 FOLGA DOM/FER | Q45: 09H - 12:00-21:00 C/ INT SEG-SEX/04H SAB | R45: CANDIDATA NANCI EM ANALISE DE HISTORICO 30/04 (REPROVADA NA ANALISE) - CANDIDATA FERNANDA EM PESQUISA 04/05 - CANDIDATA FERNANDA RECEBEU UMA PROPOSTA MELHOR 05/05 - CANDIDATA MARIA EM PESQUISA 05/05 - CANDIDATA MARIA APROVADA 06/05 - CANDIDATA MARIA DECLINOU POR PROPOSTA MELHOR 07/05 - CANDIDATA SUELI APROVADA 18/05 | S45: WHATSAPP | T45: 11 91511-0463 | U45: LUANA | V45: 46160 | W45: SUELI RODRIGUES DA SILVA | X45: ADMITIDO | Y45: 46162 | Z45: 46163 | AA45: 145985 | AB45: MARIA APARECIDA BORGES DOS SANTOS - Declinou pois encontrou emprego mais próximo 07.05 | AD45: 0
A46: 29630 | B46: 1 | C46: 46111 | D46: =TODAY()-C46 -> 116 | E46: =IF(X46="ADMITIDO","ADMITIDO",IF(X46="CANCELADA","CANCELADA",IF(H46="","",IF(H46="ADMITIDO","ADMITIDO",IF(H46="CANCELADA","CANCELADA",IF(OR(H46="ANALISE CANCELAMENTO",H46="ANÁLISE CANCELAMENTO"),"EM ANÁLISE",IF(D46="","",IF(D46<=7,"NO PRAZO",IF(D46<=14,"ATENÇÃO","CRÍTICO"))))))))) -> ADMITIDO | F46: FACILITIES | G46: WILLIAM | H46: =X46 -> ADMITIDO | I46: =IF(X46="ADMITIDO","ADMITIDO",IF(X46="CANCELADA","CANCELADA",IF(H46="","",IFERROR(_xlfn.XLOOKUP(H46,Listas!I:I,Listas!J:J),"OUTROS")))) -> ADMITIDO | J46: AUXILIAR DE LIMPEZA | K46: CRISTIANE APARECIDA VIANA DA SILVA | L46: VISTA PARK | N46: JUNDIAÍ | O46: DIURNO | P46: 6X1 TROCA SÁB/DOM | Q46: 09H - 08:00-17:00 C/INT SEG- SEX/04H SD | R46: CANDIDATA ARIANE BARROS APROVADA | S46: RECEPTIVO NO WHATSAPP | T46: 1199 5884-8773 | U46: PATRICIA | V46: 46136 | W46: ARIANE BARROS | X46: ADMITIDO | Y46: 46141 | Z46: 46142 | AA46: 914202 | AB46: 23.04 sem retorno do candidato. aguardando resposta da mensagem . declinamos a candidata sônia, pois ela não tem RG | AD46: 0
A47: 29662 | B47: 1 | C47: 46112 | D47: =TODAY()-C47 -> 115 | E47: =IF(X47="ADMITIDO","ADMITIDO",IF(X47="CANCELADA","CANCELADA",IF(H47="","",IF(H47="ADMITIDO","ADMITIDO",IF(H47="CANCELADA","CANCELADA",IF(OR(H47="ANALISE CANCELAMENTO",H47="ANÁLISE CANCELAMENTO"),"EM ANÁLISE",IF(D47="","",IF(D47<=7,"NO PRAZO",IF(D47<=14,"ATENÇÃO","CRÍTICO"))))))))) -> ADMITIDO | F47: FACILITIES | G47: ELONY | H47: ADMITIDO | I47: =IF(X47="ADMITIDO","ADMITIDO",IF(X47="CANCELADA","CANCELADA",IF(H47="","",IFERROR(_xlfn.XLOOKUP(H47,Listas!I:I,Listas!J:J),"OUTROS")))) -> ADMITIDO | J47: AUXILIAR DE LIMPEZA 23 | K47: GISLENE BESSA DOS SANTOS LOPES | L47: CAEP | N47: CAMPINAS | O47: DIURNO | P47: 12X36 | Q47: 12H - 09:00 - 21:00 C/ 1H INTERV | U47: ANA | V47: 46139 | W47: KAYKY FREITAS GONZAGA DOS SANTOS | X47: ADMITIDO | Y47: 46146 | Z47: 46147 | AA47: 1455916 | AD47: 0
A48: 29655 | B48: 1 | C48: 46112 | D48: =TODAY()-C48 -> 115 | E48: =IF(X48="ADMITIDO","ADMITIDO",IF(X48="CANCELADA","CANCELADA",IF(H48="","",IF(H48="ADMITIDO","ADMITIDO",IF(H48="CANCELADA","CANCELADA",IF(OR(H48="ANALISE CANCELAMENTO",H48="ANÁLISE CANCELAMENTO"),"EM ANÁLISE",IF(D48="","",IF(D48<=7,"NO PRAZO",IF(D48<=14,"ATENÇÃO","CRÍTICO"))))))))) -> ADMITIDO | F48: SEGURANÇA | G48: ELONY | H48: ADMITIDO | I48: =IF(X48="ADMITIDO","ADMITIDO",IF(X48="CANCELADA","CANCELADA",IF(H48="","",IFERROR(_xlfn.XLOOKUP(H48,Listas!I:I,Listas!J:J),"OUTROS")))) -> ADMITIDO | J48: VIGIA 9 | K48: MARCELO RODRIGUES CARUNCHO CARNAVAL | L48: CAMPINAS3 - RESERVA TECNICA - SEGURANCA | N48: RESERVAS | O48: DIURNO | P48: 12X36 | Q48: 12H - 06:00 - 18:00 C/ 1H INTERV | U48: ANA | V48: 46141 | W48: ALINE NASCIMENTO MOTA | X48: ADMITIDO | Y48: 46146 | Z48: 46147 | AA48: 914211 | AD48: 0
A49: 29639 | B49: 1 | C49: 46112 | D49: =TODAY()-C49 -> 115 | E49: =IF(X49="ADMITIDO","ADMITIDO",IF(X49="CANCELADA","CANCELADA",IF(H49="","",IF(H49="ADMITIDO","ADMITIDO",IF(H49="CANCELADA","CANCELADA",IF(OR(H49="ANALISE CANCELAMENTO",H49="ANÁLISE CANCELAMENTO"),"EM ANÁLISE",IF(D49="","",IF(D49<=7,"NO PRAZO",IF(D49<=14,"ATENÇÃO","CRÍTICO"))))))))) -> CANCELADA | F49: FACILITIES | G49: GIOVANNA | H49: CANCELADA | I49: =IF(X49="ADMITIDO","ADMITIDO",IF(X49="CANCELADA","CANCELADA",IF(H49="","",IFERROR(_xlfn.XLOOKUP(H49,Listas!I:I,Listas!J:J),"OUTROS")))) -> CANCELADA | J49: AUXILIAR DE LIMPEZA | K49: THAIS ALVES DE SOUZA | L49: CANTO DA NATUREZA | N49: JUNDIAÍ | O49: DIURNO | P49: 6X1 TROCA SÁB/DOM FOLGA FER | Q49: 09H - 07:00-16:00 C/INT SEG- SEX/04H S/D | R49: 28/04 - Vaga fechada pelo William | X49: CANCELADA | AB49: em 04.05 Silvana declinou do processo, pois arrumou outro trabalho | AD49: 1
A50: 29648 | B50: 1 | C50: 46112 | D50: =TODAY()-C50 -> 115 | E50: =IF(X50="ADMITIDO","ADMITIDO",IF(X50="CANCELADA","CANCELADA",IF(H50="","",IF(H50="ADMITIDO","ADMITIDO",IF(H50="CANCELADA","CANCELADA",IF(OR(H50="ANALISE CANCELAMENTO",H50="ANÁLISE CANCELAMENTO"),"EM ANÁLISE",IF(D50="","",IF(D50<=7,"NO PRAZO",IF(D50<=14,"ATENÇÃO","CRÍTICO"))))))))) -> ADMITIDO | F50: FACILITIES | G50: ANDREIA | H50: =X50 -> ADMITIDO | I50: =IF(X50="ADMITIDO","ADMITIDO",IF(X50="CANCELADA","CANCELADA",IF(H50="","",IFERROR(_xlfn.XLOOKUP(H50,Listas!I:I,Listas!J:J),"OUTROS")))) -> ADMITIDO | J50: AUXILIAR DE LIMPEZA | K50: CRISTIANE APARECIDA VIANA DA SILVA | L50: M CASSAB - JARINU | N50: JARINU | O50: DIURNO | P50: 5X2 FOLGA SÁB/DOM/FER | Q50: 09:48H - 08:00 - 17:48 C/INT - 08:48 SEX | R50: CANDIDATA ROSELI APROVADA | U50: PATRICIA | V50: 46127 | W50: Roseli Ribeiro | X50: ADMITIDO | Y50: 46132 | Z50: 46134 | AA50: 145866 | AD50: 0
A51: 29657 | B51: 1 | C51: 46112 | D51: =TODAY()-C51 -> 115 | E51: =IF(X51="ADMITIDO","ADMITIDO",IF(X51="CANCELADA","CANCELADA",IF(H51="","",IF(H51="ADMITIDO","ADMITIDO",IF(H51="CANCELADA","CANCELADA",IF(OR(H51="ANALISE CANCELAMENTO",H51="ANÁLISE CANCELAMENTO"),"EM ANÁLISE",IF(D51="","",IF(D51<=7,"NO PRAZO",IF(D51<=14,"ATENÇÃO","CRÍTICO"))))))))) -> ADMITIDO | F51: FACILITIES | G51: ANDREIA | H51: =X51 -> ADMITIDO | I51: =IF(X51="ADMITIDO","ADMITIDO",IF(X51="CANCELADA","CANCELADA",IF(H51="","",IFERROR(_xlfn.XLOOKUP(H51,Listas!I:I,Listas!J:J),"OUTROS")))) -> ADMITIDO | J51: AUXILIAR DE SERVIÇOS GERAIS | K51: AMADEUS DANTAS SILVA FELIX | L51: MUTIRAO - JUNDIAI - DIURNO | N51: JUNDIAÍ | O51: DIURNO | P51: 6X1 FOLGA DOM/FER | Q51: 09H - 07:00-16:00 C/INT SEG- SEX/04H SAB | R51: JHONATAN ( Fechado por Giovana)| | S51: RECEPTIVO NO WHATSAPP | U51: BEATRIZ | V51: 46167 | W51: GISELE DANIELE DO NASCIMENTO DE AQUINO | X51: ADMITIDO | Y51: 46169 | Z51: 46170 | AA51: 146026 | AB51: JONATHAN ANNIBAL DOS SANTOS - Não retornou contato declinamos do processo | AD51: 1
A52: 29643 | B52: 1 | C52: 46112 | D52: =TODAY()-C52 -> 115 | E52: =IF(X52="ADMITIDO","ADMITIDO",IF(X52="CANCELADA","CANCELADA",IF(H52="","",IF(H52="ADMITIDO","ADMITIDO",IF(H52="CANCELADA","CANCELADA",IF(OR(H52="ANALISE CANCELAMENTO",H52="ANÁLISE CANCELAMENTO"),"EM ANÁLISE",IF(D52="","",IF(D52<=7,"NO PRAZO",IF(D52<=14,"ATENÇÃO","CRÍTICO"))))))))) -> ADMITIDO | F52: SEGURANÇA | G52: FREITAS | H52: =X52 -> ADMITIDO | I52: =IF(X52="ADMITIDO","ADMITIDO",IF(X52="CANCELADA","CANCELADA",IF(H52="","",IFERROR(_xlfn.XLOOKUP(H52,Listas!I:I,Listas!J:J),"OUTROS")))) -> ADMITIDO | J52: VIGIA | K52: AUDO MOREIRA DOS SANTOS | L52: SP2 - FERISTA - SEGURANCA | N52: RESERVAS | O52: DIURNO | P52: 12X36 | Q52: 12H - 07:00 - 19:00 C/ 01H INTERV | T52: 11984950081 | U52: ROSI | V52: 46135 | W52: GABRIEL FIGUEIREDO DE LIMA MENDONÇA | X52: ADMITIDO | Y52: 46141 | Z52: 46142 | AA52: 914186 | AD52: 0
A53: 29633 | B53: 1 | C53: 46112 | D53: =TODAY()-C53 -> 115 | E53: =IF(X53="ADMITIDO","ADMITIDO",IF(X53="CANCELADA","CANCELADA",IF(H53="","",IF(H53="ADMITIDO","ADMITIDO",IF(H53="CANCELADA","CANCELADA",IF(OR(H53="ANALISE CANCELAMENTO",H53="ANÁLISE CANCELAMENTO"),"EM ANÁLISE",IF(D53="","",IF(D53<=7,"NO PRAZO",IF(D53<=14,"ATENÇÃO","CRÍTICO"))))))))) -> CANCELADA | F53: FACILITIES | G53: FREITAS | H53: CANCELADA | I53: =IF(X53="ADMITIDO","ADMITIDO",IF(X53="CANCELADA","CANCELADA",IF(H53="","",IFERROR(_xlfn.XLOOKUP(H53,Listas!I:I,Listas!J:J),"OUTROS")))) -> CANCELADA | J53: AUXILIAR DE LIMPEZA | K53: MARICLEIA CARDOSO SOARES | L53: SP7 - RESERVA TECNICA - FULWOOD SÃO ROQUE | N53: RESERVAS | O53: DIURNO | P53: 5X2 FOLGA SÁB/DOM/FER | Q53: 10H - 07:00 - 17:00 C/ 1HR12 MIN INTERV | X53: CANCELADA | AB53: em 21.05 declinamos com Adriana dos Santos da costa, por falta de documentos. Porém a vaga tb será cancelada | AD53: 1
A54: 29668 | B54: 1 | C54: 46113 | D54: =TODAY()-C54 -> 114 | E54: =IF(X54="ADMITIDO","ADMITIDO",IF(X54="CANCELADA","CANCELADA",IF(H54="","",IF(H54="ADMITIDO","ADMITIDO",IF(H54="CANCELADA","CANCELADA",IF(OR(H54="ANALISE CANCELAMENTO",H54="ANÁLISE CANCELAMENTO"),"EM ANÁLISE",IF(D54="","",IF(D54<=7,"NO PRAZO",IF(D54<=14,"ATENÇÃO","CRÍTICO"))))))))) -> ADMITIDO | F54: SEGURANÇA | G54: GIOVANNA | H54: =X54 -> ADMITIDO | I54: =IF(X54="ADMITIDO","ADMITIDO",IF(X54="CANCELADA","CANCELADA",IF(H54="","",IFERROR(_xlfn.XLOOKUP(H54,Listas!I:I,Listas!J:J),"OUTROS")))) -> ADMITIDO | J54: VIGIA 9 | K54: EVALDO ALMEIDA SANTOS | N54: RESERVAS | O54: NOTURNO | P54: 12X36 | Q54: 12H - 18:00 - 06:00 C/ 1H INTERV | S54: WHATSAPP | U54: RITA | V54: 46136 | W54: ELISEU ENZO | X54: ADMITIDO | Y54: 46140 | Z54: 46141 | AA54: 914187 | AD54: 0
A55: 29602 | B55: 1 | C55: 46113 | D55: =TODAY()-C55 -> 114 | E55: =IF(X55="ADMITIDO","ADMITIDO",IF(X55="CANCELADA","CANCELADA",IF(H55="","",IF(H55="ADMITIDO","ADMITIDO",IF(H55="CANCELADA","CANCELADA",IF(OR(H55="ANALISE CANCELAMENTO",H55="ANÁLISE CANCELAMENTO"),"EM ANÁLISE",IF(D55="","",IF(D55<=7,"NO PRAZO",IF(D55<=14,"ATENÇÃO","CRÍTICO"))))))))) -> ADMITIDO | F55: FACILITIES | G55: ELONY | H55: =X55 -> ADMITIDO | I55: =IF(X55="ADMITIDO","ADMITIDO",IF(X55="CANCELADA","CANCELADA",IF(H55="","",IFERROR(_xlfn.XLOOKUP(H55,Listas!I:I,Listas!J:J),"OUTROS")))) -> ADMITIDO | J55: AUXILIAR DE LIMPEZA | K55: ELIANA MARIA MOREIRA BRANSANI | L55: CAMPINAS5 - RESERVA TECNICA - FACILITIES | N55: RESERVAS | O55: DIURNO | P55: 12X36 | Q55: 12H - 06:00 - 18:00 C/ 1H INTERV | T55: 19 99429 2749 | U55: ANA | V55: 46147 | W55: MARTILIA OLIVEIRA DUTRA | X55: ADMITIDO | Y55: 46150 | Z55: 46151 | AA55: 145934 | AD55: 0
A56: 29609 | B56: 1 | C56: 46113 | D56: =TODAY()-C56 -> 114 | E56: =IF(X56="ADMITIDO","ADMITIDO",IF(X56="CANCELADA","CANCELADA",IF(H56="","",IF(H56="ADMITIDO","ADMITIDO",IF(H56="CANCELADA","CANCELADA",IF(OR(H56="ANALISE CANCELAMENTO",H56="ANÁLISE CANCELAMENTO"),"EM ANÁLISE",IF(D56="","",IF(D56<=7,"NO PRAZO",IF(D56<=14,"ATENÇÃO","CRÍTICO"))))))))) -> ADMITIDO | F56: FACILITIES | G56: WILLIAM | H56: =X56 -> ADMITIDO | I56: =IF(X56="ADMITIDO","ADMITIDO",IF(X56="CANCELADA","CANCELADA",IF(H56="","",IFERROR(_xlfn.XLOOKUP(H56,Listas!I:I,Listas!J:J),"OUTROS")))) -> ADMITIDO | J56: AUXILIAR DE LIMPEZA | K56: CRISTIANE APARECIDA VIANA DA SILVA | L56: FACILITIES3 - FERISTA | N56: RESERVAS | O56: DIURNO | P56: 6X1 FOLGA DOM/FER | Q56: 09H - 07:00-16:00 C/INT SEG- SEX/04H SAB | R56: CANDIDATA DANIELA RODRIGUES | U56: RITA | V56: 46132 | W56: Daniela rodrigues | X56: ADMITIDO | Y56: 46139 | Z56: 46140 | AA56: 145890 | AD56: 0
A57: 29649 | B57: 1 | C57: 46113 | D57: =TODAY()-C57 -> 114 | E57: =IF(X57="ADMITIDO","ADMITIDO",IF(X57="CANCELADA","CANCELADA",IF(H57="","",IF(H57="ADMITIDO","ADMITIDO",IF(H57="CANCELADA","CANCELADA",IF(OR(H57="ANALISE CANCELAMENTO",H57="ANÁLISE CANCELAMENTO"),"EM ANÁLISE",IF(D57="","",IF(D57<=7,"NO PRAZO",IF(D57<=14,"ATENÇÃO","CRÍTICO"))))))))) -> ADMITIDO | F57: FACILITIES | G57: ANDREIA | H57: =X57 -> ADMITIDO | I57: =IF(X57="ADMITIDO","ADMITIDO",IF(X57="CANCELADA","CANCELADA",IF(H57="","",IFERROR(_xlfn.XLOOKUP(H57,Listas!I:I,Listas!J:J),"OUTROS")))) -> ADMITIDO | J57: AUXILIAR DE LIMPEZA | K57: CRISTIANE APARECIDA VIANA DA SILVA | L57: FACILITIES3 - RESERVA TECNICA | N57: RESERVAS | O57: DIURNO | P57: 5X2 FOLGA SÁB/DOM/FER | Q57: 09:48H - 06:00 - 15:48 C/ 1H INTERV | S57: indicacao do posto | U57: LUANA | V57: 46161 | W57: YASMIN REBECA SILVA PEREIRA | X57: ADMITIDO | Y57: 46164 | Z57: 46168 | AA57: 146003 | AD57: 0
A58: 29689 | B58: 1 | C58: 46113 | D58: =TODAY()-C58 -> 114 | E58: =IF(X58="ADMITIDO","ADMITIDO",IF(X58="CANCELADA","CANCELADA",IF(H58="","",IF(H58="ADMITIDO","ADMITIDO",IF(H58="CANCELADA","CANCELADA",IF(OR(H58="ANALISE CANCELAMENTO",H58="ANÁLISE CANCELAMENTO"),"EM ANÁLISE",IF(D58="","",IF(D58<=7,"NO PRAZO",IF(D58<=14,"ATENÇÃO","CRÍTICO"))))))))) -> ADMITIDO | F58: FACILITIES | G58: AMANDA | H58: =X58 -> ADMITIDO | I58: =IF(X58="ADMITIDO","ADMITIDO",IF(X58="CANCELADA","CANCELADA",IF(H58="","",IFERROR(_xlfn.XLOOKUP(H58,Listas!I:I,Listas!J:J),"OUTROS")))) -> ADMITIDO | J58: AUXILIAR DE LIMPEZA | K58: FLAVIA BATISTA DE LIMA | L58: FACILITIES4 - RESERVA TECNICA | N58: RESERVAS | O58: DIURNO | P58: 6X1 FOLGA DOM/FER | Q58: 08:20H - 06:00 - 14:20 C/ 1H INTERV* | R58: Candidato desistiu da vaga dia 23/04 | T58: +55 11 96659-2179 | U58: BEATRIZ | V58: 46135 | W58: CRISTIANE SANTOS DOS SANTOS | X58: ADMITIDO | Y58: 46140 | Z58: 46141 | AA58: 145901 | AB58: ASO OK aguardando documentos | AD58: 0
A59: 29604 | B59: 1 | C59: 46113 | D59: =TODAY()-C59 -> 114 | E59: =IF(X59="ADMITIDO","ADMITIDO",IF(X59="CANCELADA","CANCELADA",IF(H59="","",IF(H59="ADMITIDO","ADMITIDO",IF(H59="CANCELADA","CANCELADA",IF(OR(H59="ANALISE CANCELAMENTO",H59="ANÁLISE CANCELAMENTO"),"EM ANÁLISE",IF(D59="","",IF(D59<=7,"NO PRAZO",IF(D59<=14,"ATENÇÃO","CRÍTICO"))))))))) -> ADMITIDO | F59: FACILITIES | G59: ELONY | H59: ADMITIDO | I59: =IF(X59="ADMITIDO","ADMITIDO",IF(X59="CANCELADA","CANCELADA",IF(H59="","",IFERROR(_xlfn.XLOOKUP(H59,Listas!I:I,Listas!J:J),"OUTROS")))) -> ADMITIDO | J59: AUXILIAR DE LIMPEZA | K59: ELIANA MARIA MOREIRA BRANSANI | L59: FACULDADE SAO LEOPOLDO MANDIC - MATRIZ | N59: CAMPINAS | O59: DIURNO | P59: 6X1 FOLGA DOM/FER | Q59: 08:20H - 13:40 - 22:00 C/ 1H INTERV | U59: ANA | V59: 46154 | W59: CLARISSE MARIA DA SILVA | X59: ADMITIDO | Y59: 46157 | Z59: 46158 | AA59: 145944 | AB59: Márcia Godois informou no dia 11/05 que declinou da vaga por motivos pessoais | AD59: 1
A60: 29684 | B60: 1 | C60: 46113 | D60: =TODAY()-C60 -> 114 | E60: =IF(X60="ADMITIDO","ADMITIDO",IF(X60="CANCELADA","CANCELADA",IF(H60="","",IF(H60="ADMITIDO","ADMITIDO",IF(H60="CANCELADA","CANCELADA",IF(OR(H60="ANALISE CANCELAMENTO",H60="ANÁLISE CANCELAMENTO"),"EM ANÁLISE",IF(D60="","",IF(D60<=7,"NO PRAZO",IF(D60<=14,"ATENÇÃO","CRÍTICO"))))))))) -> CANCELADA | F60: FACILITIES | G60: AMANDA | H60: CANCELADA | I60: =IF(X60="ADMITIDO","ADMITIDO",IF(X60="CANCELADA","CANCELADA",IF(H60="","",IFERROR(_xlfn.XLOOKUP(H60,Listas!I:I,Listas!J:J),"OUTROS")))) -> CANCELADA | J60: AUXILIAR DE SERVIÇOS GERAIS | K60: FLAVIA BATISTA DE LIMA | L60: FAREVA | N60: ITUPEVA | O60: DIURNO | P60: 6X1 FOLGA DOM/FER | Q60: 08:20H - 05:00 - 14:20 C/ 1H INTERV | X60: CANCELADA | AD60: 0
A61: 29685 | B61: 1 | C61: 46113 | D61: =TODAY()-C61 -> 114 | E61: =IF(X61="ADMITIDO","ADMITIDO",IF(X61="CANCELADA","CANCELADA",IF(H61="","",IF(H61="ADMITIDO","ADMITIDO",IF(H61="CANCELADA","CANCELADA",IF(OR(H61="ANALISE CANCELAMENTO",H61="ANÁLISE CANCELAMENTO"),"EM ANÁLISE",IF(D61="","",IF(D61<=7,"NO PRAZO",IF(D61<=14,"ATENÇÃO","CRÍTICO"))))))))) -> ADMITIDO | F61: FACILITIES | G61: AMANDA | H61: =X61 -> ADMITIDO | I61: =IF(X61="ADMITIDO","ADMITIDO",IF(X61="CANCELADA","CANCELADA",IF(H61="","",IFERROR(_xlfn.XLOOKUP(H61,Listas!I:I,Listas!J:J),"OUTROS")))) -> ADMITIDO | J61: AUXILIAR DE SERVIÇOS GERAIS | K61: FLAVIA BATISTA DE LIMA | L61: FAREVA | N61: ITUPEVA | O61: DIURNO | P61: 6X1 FOLGA DOM/FER | Q61: 08:20H - 05:00 - 13:20 C/ 1H INTERV | T61: 11 93082-7211 | U61: BEATRIZ | V61: 46132 | W61: STEPHANY CARVALHO DE SOUZA | X61: ADMITIDO | Y61: 46132 | Z61: 46134 | AA61: 145868 | AD61: 0
A62: 29671 | B62: 1 | C62: 46113 | D62: =TODAY()-C62 -> 114 | E62: =IF(X62="ADMITIDO","ADMITIDO",IF(X62="CANCELADA","CANCELADA",IF(H62="","",IF(H62="ADMITIDO","ADMITIDO",IF(H62="CANCELADA","CANCELADA",IF(OR(H62="ANALISE CANCELAMENTO",H62="ANÁLISE CANCELAMENTO"),"EM ANÁLISE",IF(D62="","",IF(D62<=7,"NO PRAZO",IF(D62<=14,"ATENÇÃO","CRÍTICO"))))))))) -> ADMITIDO | F62: FACILITIES | G62: AMANDA | H62: ADMITIDO | I62: =IF(X62="ADMITIDO","ADMITIDO",IF(X62="CANCELADA","CANCELADA",IF(H62="","",IFERROR(_xlfn.XLOOKUP(H62,Listas!I:I,Listas!J:J),"OUTROS")))) -> ADMITIDO | J62: AUXILIAR DE LIMPEZA | K62: FLAVIA BATISTA DE LIMA | L62: PLASTAMP SUDESTE - CORPAK | N62: ITUPEVA | O62: DIURNO | P62: 6X1 FOLGA DOM/FER | Q62: 08:35H-14:00 - 22:35 C/ INT 04 HR SAB | R62: Candidata conseguiu outra oportunidade | T62: 11 99771-7031 | U62: LUANA | V62: 46141 | W62: CAMILA CONTUGNO DOS SANTOS | X62: ADMITIDO | Y62: 46146 | Z62: 46148 | AA62: 914213 | AB62: 23.04 -Ana Paulda declinou da vaga, pois arrumou outro trabalho | AD62: 0
A63: 29694 | B63: 1 | C63: 46113 | D63: =TODAY()-C63 -> 114 | E63: =IF(X63="ADMITIDO","ADMITIDO",IF(X63="CANCELADA","CANCELADA",IF(H63="","",IF(H63="ADMITIDO","ADMITIDO",IF(H63="CANCELADA","CANCELADA",IF(OR(H63="ANALISE CANCELAMENTO",H63="ANÁLISE CANCELAMENTO"),"EM ANÁLISE",IF(D63="","",IF(D63<=7,"NO PRAZO",IF(D63<=14,"ATENÇÃO","CRÍTICO"))))))))) -> ADMITIDO | F63: VIGILANCIA | G63: ANDREIA | H63: ADMITIDO | I63: =IF(X63="ADMITIDO","ADMITIDO",IF(X63="CANCELADA","CANCELADA",IF(H63="","",IFERROR(_xlfn.XLOOKUP(H63,Listas!I:I,Listas!J:J),"OUTROS")))) -> ADMITIDO | J63: VIGILANTE | K63: HERNANE DE OLIVEIRA | L63: SUPERVISOR1 - RESERVA TECNICA - SEGURANCA | N63: RESERVAS | O63: NOTURNO | P63: 12X36 | Q63: 12H - 18:00 - 06:00 C/ 1H INTERV | R63: CANDIDATA KETLYN EM PESQUISA 05/05 - CANDIDATA KETLYN APROVADA 07/05 | T63: 11 91752-9475 | U63: LUANA | V63: 46149 | W63: KETLYN CRISTINA GODOI | X63: ADMITIDO | Y63: 46150 | Z63: 46153 | AA63: 83281 | AD63: 0
B64: 1 | C64: 46113 | D64: =TODAY()-C64 -> 114 | E64: =IF(X64="ADMITIDO","ADMITIDO",IF(X64="CANCELADA","CANCELADA",IF(H64="","",IF(H64="ADMITIDO","ADMITIDO",IF(H64="CANCELADA","CANCELADA",IF(OR(H64="ANALISE CANCELAMENTO",H64="ANÁLISE CANCELAMENTO"),"EM ANÁLISE",IF(D64="","",IF(D64<=7,"NO PRAZO",IF(D64<=14,"ATENÇÃO","CRÍTICO"))))))))) -> ADMITIDO | F64: VIGILANCIA | G64: ANDREIA | H64: ADMITIDO | I64: =IF(X64="ADMITIDO","ADMITIDO",IF(X64="CANCELADA","CANCELADA",IF(H64="","",IFERROR(_xlfn.XLOOKUP(H64,Listas!I:I,Listas!J:J),"OUTROS")))) -> ADMITIDO | J64: VIGILANTE | K64: HERNANE DE OLIVEIRA | L64: SUPERVISOR1 - RESERVA TECNICA - SEGURANCA | N64: JUNDIAÍ | O64: NOTURNO | P64: 12X36 | Q64: 12H - 18:00 - 06:00 C/ 1H INTERV | R64: CANDIDATO JANDERSON EM PESQUISA 08/05 - CANDIDATO JANDERSON APROVADO 11/05 | S64: WHATSAPP | T64: 11 96852-6626 | U64: BEATRIZ | V64: 46153 | W64: JANDERSON DA SILVA CONCEIÇÃO | X64: ADMITIDO | Y64: 46155 | Z64: 46157 | AA64: 83289 | AD64: 0
A65: 29641 | B65: 1 | C65: 46113 | D65: =TODAY()-C65 -> 114 | E65: =IF(X65="ADMITIDO","ADMITIDO",IF(X65="CANCELADA","CANCELADA",IF(H65="","",IF(H65="ADMITIDO","ADMITIDO",IF(H65="CANCELADA","CANCELADA",IF(OR(H65="ANALISE CANCELAMENTO",H65="ANÁLISE CANCELAMENTO"),"EM ANÁLISE",IF(D65="","",IF(D65<=7,"NO PRAZO",IF(D65<=14,"ATENÇÃO","CRÍTICO"))))))))) -> ADMITIDO | F65: SEGURANÇA | G65: WILLIAM | H65: =X65 -> ADMITIDO | I65: =IF(X65="ADMITIDO","ADMITIDO",IF(X65="CANCELADA","CANCELADA",IF(H65="","",IFERROR(_xlfn.XLOOKUP(H65,Listas!I:I,Listas!J:J),"OUTROS")))) -> ADMITIDO | J65: VIGIA 9 | K65: ALISSON DEIVID SILVA MACHADO | L65: SUPERVISOR4 - FERISTA - SEGURANCA | N65: RESERVAS | O65: NOTURNO | P65: 12X36 | Q65: 12H - 18:00 - 06:00 C/ 1H INTERV | R65: CANDIDATO MATHEUS SOBRINHO | U65: PATRICIA | V65: 46129 | W65: Matheus Sobrinho | X65: ADMITIDO | Y65: 46139 | Z65: 46140 | AA65: 914183 | AD65: 0
A66: 29679 | B66: 1 | C66: 46113 | D66: =TODAY()-C66 -> 114 | E66: =IF(X66="ADMITIDO","ADMITIDO",IF(X66="CANCELADA","CANCELADA",IF(H66="","",IF(H66="ADMITIDO","ADMITIDO",IF(H66="CANCELADA","CANCELADA",IF(OR(H66="ANALISE CANCELAMENTO",H66="ANÁLISE CANCELAMENTO"),"EM ANÁLISE",IF(D66="","",IF(D66<=7,"NO PRAZO",IF(D66<=14,"ATENÇÃO","CRÍTICO"))))))))) -> ADMITIDO | F66: SEGURANÇA | G66: NATHALYA | H66: =X66 -> ADMITIDO | I66: =IF(X66="ADMITIDO","ADMITIDO",IF(X66="CANCELADA","CANCELADA",IF(H66="","",IFERROR(_xlfn.XLOOKUP(H66,Listas!I:I,Listas!J:J),"OUTROS")))) -> ADMITIDO | J66: VIGIA 9 | K66: EMERSON AMORIM MACEDO | L66: SUPERVISOR5 - FERISTA - SEGURANCA | N66: RESERVAS | O66: DIURNO | P66: 12X36 | Q66: 12H - 06:00 - 18:00 C/ 1H INTERV | T66: 11 93447-3004 | U66: RITA | V66: 46140 | W66: ERIKA NUNES DE BRITO BARBOSA | X66: ADMITIDO | Y66: 46142 | Z66: 46147 | AA66: 914207 | AD66: 0
A67: 29660 | B67: 1 | C67: 46113 | D67: =TODAY()-C67 -> 114 | E67: =IF(X67="ADMITIDO","ADMITIDO",IF(X67="CANCELADA","CANCELADA",IF(H67="","",IF(H67="ADMITIDO","ADMITIDO",IF(H67="CANCELADA","CANCELADA",IF(OR(H67="ANALISE CANCELAMENTO",H67="ANÁLISE CANCELAMENTO"),"EM ANÁLISE",IF(D67="","",IF(D67<=7,"NO PRAZO",IF(D67<=14,"ATENÇÃO","CRÍTICO"))))))))) -> ADMITIDO | F67: SEGURANÇA | G67: FREITAS | H67: =X67 -> ADMITIDO | I67: =IF(X67="ADMITIDO","ADMITIDO",IF(X67="CANCELADA","CANCELADA",IF(H67="","",IFERROR(_xlfn.XLOOKUP(H67,Listas!I:I,Listas!J:J),"OUTROS")))) -> ADMITIDO | J67: VIGIA 9 | K67: MARCOS DE MENEZES SANTOS | L67: TIVOLI PARK | N67: SOROCABA | O67: NOTURNO | P67: 12X36 | Q67: 12H - 18:00 - 06:00 C/ 1H INTERV | R67: Candidato Mateus Henrique declinou da vaga dia 16/04 | T67: 15974019115 | U67: PATRICIA | V67: 46150 | W67: DANILO DA SILVA DOMINGUES | X67: ADMITIDO | Y67: 46158 | Z67: 46158 | AA67: 914279 | AB67: Sorocaba | AD67: 0
A68: 29703 | B68: 1 | C68: 46114 | D68: =TODAY()-C68 -> 113 | E68: =IF(X68="ADMITIDO","ADMITIDO",IF(X68="CANCELADA","CANCELADA",IF(H68="","",IF(H68="ADMITIDO","ADMITIDO",IF(H68="CANCELADA","CANCELADA",IF(OR(H68="ANALISE CANCELAMENTO",H68="ANÁLISE CANCELAMENTO"),"EM ANÁLISE",IF(D68="","",IF(D68<=7,"NO PRAZO",IF(D68<=14,"ATENÇÃO","CRÍTICO"))))))))) -> ADMITIDO | F68: FACILITIES | G68: GIOVANNA | H68: ADMITIDO | I68: =IF(X68="ADMITIDO","ADMITIDO",IF(X68="CANCELADA","CANCELADA",IF(H68="","",IFERROR(_xlfn.XLOOKUP(H68,Listas!I:I,Listas!J:J),"OUTROS")))) -> ADMITIDO | J68: AUXILIAR DE LIMPEZA | K68: MIGUEL GIOSA PIVA | L68: ATMOSPHERA | N68: JUNDIAÍ | O68: DIURNO | P68: 6X1 TROCA SÁB/DOM | Q68: 09H - 08:00-17:00 C/INT SEG- SEX/04H SD | S68: WHATSAPP | U68: RITA | V68: 46146 | W68: JESSICA BATISTA VIEIRA | X68: ADMITIDO | Y68: 46156 | Z68: 46157 | AA68: 914283 | AB68: 30.04 declinamos com a candidata Laudicèia, pois não fez o exame e pediu um posto, mais próiximo. Porém, já tivemos problemas com ela em outro proceso que ela não compareceu na integração, sendo que pagamos a passagem pra ela | AD68: 0
A69: 29705 | B69: 1 | C69: 46114 | D69: =TODAY()-C69 -> 113 | E69: =IF(X69="ADMITIDO","ADMITIDO",IF(X69="CANCELADA","CANCELADA",IF(H69="","",IF(H69="ADMITIDO","ADMITIDO",IF(H69="CANCELADA","CANCELADA",IF(OR(H69="ANALISE CANCELAMENTO",H69="ANÁLISE CANCELAMENTO"),"EM ANÁLISE",IF(D69="","",IF(D69<=7,"NO PRAZO",IF(D69<=14,"ATENÇÃO","CRÍTICO"))))))))) -> CANCELADA | F69: FACILITIES | G69: ELONY | H69: CANCELADA | I69: =IF(X69="ADMITIDO","ADMITIDO",IF(X69="CANCELADA","CANCELADA",IF(H69="","",IFERROR(_xlfn.XLOOKUP(H69,Listas!I:I,Listas!J:J),"OUTROS")))) -> CANCELADA | J69: AGENTE DE HIGIENIZACAO | K69: ROSELI BERNARDO | L69: CAMPINAS6 - RESERVA TECNICA - FACILITIES | N69: RESERVAS | O69: DIURNO | P69: 6X1 FOLGA DOM/FER | Q69: 08:20H - 06:00-14:20 C/ 1H INTERV | R69: Por email Souza cancelou a vaga 20/04/2026 | X69: CANCELADA | AD69: 0
A70: 29698 | B70: 1 | C70: 46114 | D70: =TODAY()-C70 -> 113 | E70: =IF(X70="ADMITIDO","ADMITIDO",IF(X70="CANCELADA","CANCELADA",IF(H70="","",IF(H70="ADMITIDO","ADMITIDO",IF(H70="CANCELADA","CANCELADA",IF(OR(H70="ANALISE CANCELAMENTO",H70="ANÁLISE CANCELAMENTO"),"EM ANÁLISE",IF(D70="","",IF(D70<=7,"NO PRAZO",IF(D70<=14,"ATENÇÃO","CRÍTICO"))))))))) -> ADMITIDO | F70: FACILITIES | G70: AMANDA | H70: =X70 -> ADMITIDO | I70: =IF(X70="ADMITIDO","ADMITIDO",IF(X70="CANCELADA","CANCELADA",IF(H70="","",IFERROR(_xlfn.XLOOKUP(H70,Listas!I:I,Listas!J:J),"OUTROS")))) -> ADMITIDO | J70: AUXILIAR DE SERVIÇOS GERAIS | K70: FLAVIA BATISTA DE LIMA | L70: GEODIS LOGISTICA | N70: JUNDIAÍ | O70: DIURNO | P70: 6X1 FOLGA DOM/FER | Q70: 09H -12:40-21:40 C/ INT SEG-SEX/04H SAB. | R70: arrumou outra oportunidade/ Não responde e não atende | T70: +55 17 99193-1362 | U70: RITA | V70: 46147 | W70: MAIARA OLIVEIRA RAMOS | X70: ADMITIDO | Y70: 46149 | Z70: 46153 | AA70: 914238 | AB70: NAGILA DO CARMO DE SOUZA - declinou 29/04 | AD70: 0
A71: 29696 | B71: 1 | C71: 46114 | D71: =TODAY()-C71 -> 113 | E71: =IF(X71="ADMITIDO","ADMITIDO",IF(X71="CANCELADA","CANCELADA",IF(H71="","",IF(H71="ADMITIDO","ADMITIDO",IF(H71="CANCELADA","CANCELADA",IF(OR(H71="ANALISE CANCELAMENTO",H71="ANÁLISE CANCELAMENTO"),"EM ANÁLISE",IF(D71="","",IF(D71<=7,"NO PRAZO",IF(D71<=14,"ATENÇÃO","CRÍTICO"))))))))) -> ADMITIDO | F71: SEGURANÇA | G71: FREITAS | H71: =X71 -> ADMITIDO | I71: =IF(X71="ADMITIDO","ADMITIDO",IF(X71="CANCELADA","CANCELADA",IF(H71="","",IFERROR(_xlfn.XLOOKUP(H71,Listas!I:I,Listas!J:J),"OUTROS")))) -> ADMITIDO | J71: VIGIA 9 | K71: AUDO MOREIRA DOS SANTOS | L71: SP2 - FERISTA - SEGURANCA | N71: RESERVAS | O71: NOTURNO | P71: 12X36 | Q71: 12H - 19:00 - 07:00 C/ 1H INTERV | U71: ROSI | V71: 46128 | W71: Camili Fernandes | X71: ADMITIDO | Y71: 46141 | Z71: 46147 | AA71: 914185 | AB71: 17/04 - Prates pediu para prorrogar admissão p/ 05/05 | AD71: 0
A72: 29695 | B72: 1 | C72: 46114 | D72: =TODAY()-C72 -> 113 | E72: =IF(X72="ADMITIDO","ADMITIDO",IF(X72="CANCELADA","CANCELADA",IF(H72="","",IF(H72="ADMITIDO","ADMITIDO",IF(H72="CANCELADA","CANCELADA",IF(OR(H72="ANALISE CANCELAMENTO",H72="ANÁLISE CANCELAMENTO"),"EM ANÁLISE",IF(D72="","",IF(D72<=7,"NO PRAZO",IF(D72<=14,"ATENÇÃO","CRÍTICO"))))))))) -> ADMITIDO | F72: VIGILANCIA | G72: FREITAS | H72: ADMITIDO | I72: =IF(X72="ADMITIDO","ADMITIDO",IF(X72="CANCELADA","CANCELADA",IF(H72="","",IFERROR(_xlfn.XLOOKUP(H72,Listas!I:I,Listas!J:J),"OUTROS")))) -> ADMITIDO | J72: VIGILANTE | K72: ANDERSON SILVA | L72: SUPERVISOR6 - FERISTA - SEGURANCA | N72: RESERVAS | O72: DIURNO | P72: 12X36 | Q72: 12H - 07:00 - 19:00 C/ 1H INTERV | R72: 28/04- David Desistiu da vaga | T72: 11966108244 | U72: PATRICIA | V72: 46148 | W72: BIANCA RIBEIRO CARDOSO | X72: ADMITIDO | Y72: 46157 | Z72: 46157 | AA72: 83285 | AD72: 0
A73: 29723 | B73: 1 | C73: 46119 | D73: =TODAY()-C73 -> 108 | E73: =IF(X73="ADMITIDO","ADMITIDO",IF(X73="CANCELADA","CANCELADA",IF(H73="","",IF(H73="ADMITIDO","ADMITIDO",IF(H73="CANCELADA","CANCELADA",IF(OR(H73="ANALISE CANCELAMENTO",H73="ANÁLISE CANCELAMENTO"),"EM ANÁLISE",IF(D73="","",IF(D73<=7,"NO PRAZO",IF(D73<=14,"ATENÇÃO","CRÍTICO"))))))))) -> CANCELADA | F73: FACILITIES | G73: AMANDA | H73: CANCELADA | I73: =IF(X73="ADMITIDO","ADMITIDO",IF(X73="CANCELADA","CANCELADA",IF(H73="","",IFERROR(_xlfn.XLOOKUP(H73,Listas!I:I,Listas!J:J),"OUTROS")))) -> CANCELADA | J73: AUXILIAR DE LIMPEZA | K73: FLAVIA BATISTA DE LIMA | L73: FACILITIES4 - RESERVA TECNICA | N73: RESERVAS | O73: DIURNO | P73: 6X1 FOLGA DOM/FER | Q73: 08:20H - 06:00 - 14:20 C/ 1H INTERV* | R73: Vaga Cancelada Souza dia 22/04 | X73: CANCELADA | AD73: 0
A74: 29724 | B74: 1 | C74: 46119 | D74: =TODAY()-C74 -> 108 | E74: =IF(X74="ADMITIDO","ADMITIDO",IF(X74="CANCELADA","CANCELADA",IF(H74="","",IF(H74="ADMITIDO","ADMITIDO",IF(H74="CANCELADA","CANCELADA",IF(OR(H74="ANALISE CANCELAMENTO",H74="ANÁLISE CANCELAMENTO"),"EM ANÁLISE",IF(D74="","",IF(D74<=7,"NO PRAZO",IF(D74<=14,"ATENÇÃO","CRÍTICO"))))))))) -> CANCELADA | F74: FACILITIES | G74: AMANDA | H74: CANCELADA | I74: =IF(X74="ADMITIDO","ADMITIDO",IF(X74="CANCELADA","CANCELADA",IF(H74="","",IFERROR(_xlfn.XLOOKUP(H74,Listas!I:I,Listas!J:J),"OUTROS")))) -> CANCELADA | J74: AUXILIAR DE LIMPEZA | K74: FLAVIA BATISTA DE LIMA | L74: FACILITIES4 - RESERVA TECNICA | N74: RESERVAS | O74: DIURNO | P74: 6X1 FOLGA DOM/FER | Q74: 08:20H - 13:40-22:00 C/ 1H INTERV | R74: Vaga Cancelada Souza dia 22/04 | X74: CANCELADA | AD74: 0
A75: 29721 | B75: 1 | C75: 46119 | D75: =TODAY()-C75 -> 108 | E75: =IF(X75="ADMITIDO","ADMITIDO",IF(X75="CANCELADA","CANCELADA",IF(H75="","",IF(H75="ADMITIDO","ADMITIDO",IF(H75="CANCELADA","CANCELADA",IF(OR(H75="ANALISE CANCELAMENTO",H75="ANÁLISE CANCELAMENTO"),"EM ANÁLISE",IF(D75="","",IF(D75<=7,"NO PRAZO",IF(D75<=14,"ATENÇÃO","CRÍTICO"))))))))) -> CANCELADA | F75: VIGILANCIA | G75: ELONY | H75: CANCELADA | I75: =IF(X75="ADMITIDO","ADMITIDO",IF(X75="CANCELADA","CANCELADA",IF(H75="","",IFERROR(_xlfn.XLOOKUP(H75,Listas!I:I,Listas!J:J),"OUTROS")))) -> CANCELADA | J75: VIGILANTE BALANCEIRO | K75: MARCELO RODRIGUES CARUNCHO CARNAVAL | L75: SINTER - MATRIZ | N75: JUNDIAÍ | O75: DIURNO | P75: 12X36 | Q75: 12H - 05:30 - 17:30 C/ 1H INTERV | R75: Cancelada e confirmada por email Marcelo dia 30/04 | X75: CANCELADA | AD75: 0
B76: 1 | C76: 46119 | D76: =TODAY()-C76 -> 108 | E76: =IF(X76="ADMITIDO","ADMITIDO",IF(X76="CANCELADA","CANCELADA",IF(H76="","",IF(H76="ADMITIDO","ADMITIDO",IF(H76="CANCELADA","CANCELADA",IF(OR(H76="ANALISE CANCELAMENTO",H76="ANÁLISE CANCELAMENTO"),"EM ANÁLISE",IF(D76="","",IF(D76<=7,"NO PRAZO",IF(D76<=14,"ATENÇÃO","CRÍTICO"))))))))) -> CANCELADA | F76: VIGILANCIA | G76: ELONY | H76: CANCELADA | I76: =IF(X76="ADMITIDO","ADMITIDO",IF(X76="CANCELADA","CANCELADA",IF(H76="","",IFERROR(_xlfn.XLOOKUP(H76,Listas!I:I,Listas!J:J),"OUTROS")))) -> CANCELADA | J76: VIGILANTE BALANCEIRO | K76: MARCELO RODRIGUES CARUNCHO CARNAVAL | L76: SINTER - MATRIZ | N76: JUNDIAÍ | O76: DIURNO | P76: 12X36 | Q76: 12H - 05:30 - 17:30 C/ 1H INTERV | X76: CANCELADA | AD76: 0
A77: 29719 | B77: 1 | C77: 46119 | D77: =TODAY()-C77 -> 108 | E77: =IF(X77="ADMITIDO","ADMITIDO",IF(X77="CANCELADA","CANCELADA",IF(H77="","",IF(H77="ADMITIDO","ADMITIDO",IF(H77="CANCELADA","CANCELADA",IF(OR(H77="ANALISE CANCELAMENTO",H77="ANÁLISE CANCELAMENTO"),"EM ANÁLISE",IF(D77="","",IF(D77<=7,"NO PRAZO",IF(D77<=14,"ATENÇÃO","CRÍTICO"))))))))) -> ADMITIDO | F77: VIGILANCIA | G77: ANDREIA | H77: ADMITIDO | I77: =IF(X77="ADMITIDO","ADMITIDO",IF(X77="CANCELADA","CANCELADA",IF(H77="","",IFERROR(_xlfn.XLOOKUP(H77,Listas!I:I,Listas!J:J),"OUTROS")))) -> ADMITIDO | J77: VIGILANTE | K77: SANDRO APARECIDO FABIANO | L77: SUPERVISOR3 - RESERVA TECNICA - SEGURANCA | N77: RESERVAS | O77: DIURNO | P77: 12X36 | Q77: 12H - 06:00 - 18:00 C/ 1H INTERV | S77: FACEBOOK | U77: BEATRIZ | V77: 46155 | W77: GERLÂNIA MARIA FERREIRA ALVES | X77: ADMITIDO | Y77: 46157 | Z77: 46161 | AA77: 83295 | AD77: 0
B78: 1 | C78: 46120 | D78: =TODAY()-C78 -> 107 | E78: =IF(X78="ADMITIDO","ADMITIDO",IF(X78="CANCELADA","CANCELADA",IF(H78="","",IF(H78="ADMITIDO","ADMITIDO",IF(H78="CANCELADA","CANCELADA",IF(OR(H78="ANALISE CANCELAMENTO",H78="ANÁLISE CANCELAMENTO"),"EM ANÁLISE",IF(D78="","",IF(D78<=7,"NO PRAZO",IF(D78<=14,"ATENÇÃO","CRÍTICO"))))))))) -> ADMITIDO | F78: FACILITIES | G78: ANDREIA | H78: ADMITIDO | I78: =IF(X78="ADMITIDO","ADMITIDO",IF(X78="CANCELADA","CANCELADA",IF(H78="","",IFERROR(_xlfn.XLOOKUP(H78,Listas!I:I,Listas!J:J),"OUTROS")))) -> ADMITIDO | J78: VIGILANTE | K78: SANDRO APARECIDO FABIANO | L78: SUPERVISOR3 - RESERVA TECNICA - SEGURANCA | N78: RESERVAS | O78: DIURNO | P78: 12X36 | Q78: 12H - 06:00 - 18:00 C/ 1H INTERV | T78: 11 98795-9771 | U78: RITA | V78: 46129 | W78: ALDIRENE DE PAULA GOMES | X78: ADMITIDO | Y78: 46135 | Z78: 46136 | AA78: 83272 | AD78: 0
A79: 29755 | B79: 1 | C79: 46120 | D79: =TODAY()-C79 -> 107 | E79: =IF(X79="ADMITIDO","ADMITIDO",IF(X79="CANCELADA","CANCELADA",IF(H79="","",IF(H79="ADMITIDO","ADMITIDO",IF(H79="CANCELADA","CANCELADA",IF(OR(H79="ANALISE CANCELAMENTO",H79="ANÁLISE CANCELAMENTO"),"EM ANÁLISE",IF(D79="","",IF(D79<=7,"NO PRAZO",IF(D79<=14,"ATENÇÃO","CRÍTICO"))))))))) -> ADMITIDO | F79: FACILITIES | G79: FREITAS | H79: ADMITIDO | I79: =IF(X79="ADMITIDO","ADMITIDO",IF(X79="CANCELADA","CANCELADA",IF(H79="","",IFERROR(_xlfn.XLOOKUP(H79,Listas!I:I,Listas!J:J),"OUTROS")))) -> ADMITIDO | J79: AUXILIAR DE LIMPEZA | K79: KELLY ROBERTA FRATUCCI | L79: BRICKLOG GUARULHOS | N79: GUARULHOS | O79: NOTURNO | P79: 12X36 | Q79: 12H - 18:00 - 06:00 C/ 1H INTERV | S79: RE: 145732 - ROSEMARY | U79: ROSI | V79: 46127 | W79: Oselia Eulina De Araujo | X79: ADMITIDO | Y79: 46136 | Z79: 46139 | AA79: 145879 | AD79: 0
A80: 29741 | B80: 1 | C80: 46120 | D80: =TODAY()-C80 -> 107 | E80: =IF(X80="ADMITIDO","ADMITIDO",IF(X80="CANCELADA","CANCELADA",IF(H80="","",IF(H80="ADMITIDO","ADMITIDO",IF(H80="CANCELADA","CANCELADA",IF(OR(H80="ANALISE CANCELAMENTO",H80="ANÁLISE CANCELAMENTO"),"EM ANÁLISE",IF(D80="","",IF(D80<=7,"NO PRAZO",IF(D80<=14,"ATENÇÃO","CRÍTICO"))))))))) -> ADMITIDO | F80: SEGURANÇA | G80: FREITAS | H80: =X80 -> ADMITIDO | I80: =IF(X80="ADMITIDO","ADMITIDO",IF(X80="CANCELADA","CANCELADA",IF(H80="","",IFERROR(_xlfn.XLOOKUP(H80,Listas!I:I,Listas!J:J),"OUTROS")))) -> ADMITIDO | J80: VIGIA 9 | K80: EDISON NEMESIO CORDEIRO | L80: CPE - COMPOSTOS | N80: SÃO PAULO | O80: NOTURNO | P80: 12X36 | Q80: 12H - 18:00 - 06:00 C/ 1H INTERV | U80: ROSI | V80: 46126 | W80: TADEU ASSIS COSTA | X80: ADMITIDO | Y80: 46134 | Z80: 46135 | AA80: 914144 | AD80: 0
A81: 29751 | B81: 1 | C81: 46120 | D81: =TODAY()-C81 -> 107 | E81: =IF(X81="ADMITIDO","ADMITIDO",IF(X81="CANCELADA","CANCELADA",IF(H81="","",IF(H81="ADMITIDO","ADMITIDO",IF(H81="CANCELADA","CANCELADA",IF(OR(H81="ANALISE CANCELAMENTO",H81="ANÁLISE CANCELAMENTO"),"EM ANÁLISE",IF(D81="","",IF(D81<=7,"NO PRAZO",IF(D81<=14,"ATENÇÃO","CRÍTICO"))))))))) -> ADMITIDO | F81: FACILITIES | G81: NATHALYA | H81: =X81 -> ADMITIDO | I81: =IF(X81="ADMITIDO","ADMITIDO",IF(X81="CANCELADA","CANCELADA",IF(H81="","",IFERROR(_xlfn.XLOOKUP(H81,Listas!I:I,Listas!J:J),"OUTROS")))) -> ADMITIDO | J81: AUXILIAR DE LIMPEZA | K81: MAIARA RODRIGUES DE ANDRADE COSTA | L81: FACILITIES7 - RESERVA TECNICA | N81: RESERVAS | O81: DIURNO | P81: 6X1 TROCA SÁB/DOM FOLGA FER | Q81: 09H - 07:00-16:00 C/INT SEG- SEX/04H S/D | S81: WHATSAPP | T81: 11 97017-5563 | U81: RITA | V81: 46176 | W81: JADILA DAIANE DA SILVA FERREIRA | X81: ADMITIDO | Y81: 46182 | Z81: 46183 | AA81: 146072 | AD81: 0
A82: 29749 | B82: 1 | C82: 46120 | D82: =TODAY()-C82 -> 107 | E82: =IF(X82="ADMITIDO","ADMITIDO",IF(X82="CANCELADA","CANCELADA",IF(H82="","",IF(H82="ADMITIDO","ADMITIDO",IF(H82="CANCELADA","CANCELADA",IF(OR(H82="ANALISE CANCELAMENTO",H82="ANÁLISE CANCELAMENTO"),"EM ANÁLISE",IF(D82="","",IF(D82<=7,"NO PRAZO",IF(D82<=14,"ATENÇÃO","CRÍTICO"))))))))) -> ADMITIDO | F82: FACILITIES | G82: FREITAS | H82: =X82 -> ADMITIDO | I82: =IF(X82="ADMITIDO","ADMITIDO",IF(X82="CANCELADA","CANCELADA",IF(H82="","",IFERROR(_xlfn.XLOOKUP(H82,Listas!I:I,Listas!J:J),"OUTROS")))) -> ADMITIDO | J82: AUXILIAR DE LIMPEZA | K82: KELLY ROBERTA FRATUCCI | L82: MANDICS - SP1 - ITAPEVA | N82: ITUPEVA | O82: DIURNO | P82: 6X1 FOLGA DOM/FER | Q82: 08:20H - 12:40-21:00 SAB:10-18 C/ 1H INT | S82: RE: 145810 - OSEILDE | U82: ROSI | V82: 46128 | W82: Ezenaide da Silva Santos | X82: ADMITIDO | Y82: 46136 | Z82: 46136 | AA82: 145882 | AD82: 0
A83: 29733 | B83: 1 | C83: 46120 | D83: =TODAY()-C83 -> 107 | E83: =IF(X83="ADMITIDO","ADMITIDO",IF(X83="CANCELADA","CANCELADA",IF(H83="","",IF(H83="ADMITIDO","ADMITIDO",IF(H83="CANCELADA","CANCELADA",IF(OR(H83="ANALISE CANCELAMENTO",H83="ANÁLISE CANCELAMENTO"),"EM ANÁLISE",IF(D83="","",IF(D83<=7,"NO PRAZO",IF(D83<=14,"ATENÇÃO","CRÍTICO"))))))))) -> ADMITIDO | F83: VIGILANCIA | G83: ANDREIA | H83: ADMITIDO | I83: =IF(X83="ADMITIDO","ADMITIDO",IF(X83="CANCELADA","CANCELADA",IF(H83="","",IFERROR(_xlfn.XLOOKUP(H83,Listas!I:I,Listas!J:J),"OUTROS")))) -> ADMITIDO | J83: VIGILANTE | K83: SANDRO APARECIDO FABIANO | L83: RESERVA TECNICA | N83: ITATIBA | O83: DIURNO | P83: 12X36 | Q83: 12H - 06:00 - 18:00 C/ 1H INTERV | R83: JHONATAN ( Fechado por Andreia)Não deu pra seguir por conta de histórico de ex colaborador (mentiu em entrevista)|Erick desistiu no meio do processo| Ricardo desustiu|Jonathan Almeida aprovado 11/05| | S83: RECEPTIVO NO WHATSAPP | T83: 11 96611-5502 | U83: BEATRIZ | V83: 46154 | W83: JONATHAN CRISTIANO ALMEIDA | X83: ADMITIDO | Y83: 46156 | Z83: 46161 | AA83: 83291 | AD83: 0
A84: 29750 | B84: 1 | C84: 46120 | D84: =TODAY()-C84 -> 107 | E84: =IF(X84="ADMITIDO","ADMITIDO",IF(X84="CANCELADA","CANCELADA",IF(H84="","",IF(H84="ADMITIDO","ADMITIDO",IF(H84="CANCELADA","CANCELADA",IF(OR(H84="ANALISE CANCELAMENTO",H84="ANÁLISE CANCELAMENTO"),"EM ANÁLISE",IF(D84="","",IF(D84<=7,"NO PRAZO",IF(D84<=14,"ATENÇÃO","CRÍTICO"))))))))) -> CANCELADA | F84: FACILITIES | G84: NATHALYA | H84: CANCELADA | I84: =IF(X84="ADMITIDO","ADMITIDO",IF(X84="CANCELADA","CANCELADA",IF(H84="","",IFERROR(_xlfn.XLOOKUP(H84,Listas!I:I,Listas!J:J),"OUTROS")))) -> CANCELADA | J84: LÍDER DE LIMPEZA 13 | K84: MAIARA RODRIGUES DE ANDRADE COSTA | L84: RESORT SANTA ANGELA | N84: JUNDIAÍ | O84: DIURNO | P84: 6X1 TROCA SÁB/DOM | Q84: 09H - 07:00-16:00 C/INT SEG- SEX/04H S/D | R84: CANDIDATA SIMONE APROVADA 10/04 - CANDIDATA DECLINOU NO DIA 23/04 | S84: INDICAÇÃO SUPERVISORA MAIARA | T84: 11 94520-6558 | W84: SIMONE LIMA DE JESUS SANTOS | X84: CANCELADA | AB84: Desistência | AD84: 0
A85: 29739 | B85: 1 | C85: 46120 | D85: =TODAY()-C85 -> 107 | E85: =IF(X85="ADMITIDO","ADMITIDO",IF(X85="CANCELADA","CANCELADA",IF(H85="","",IF(H85="ADMITIDO","ADMITIDO",IF(H85="CANCELADA","CANCELADA",IF(OR(H85="ANALISE CANCELAMENTO",H85="ANÁLISE CANCELAMENTO"),"EM ANÁLISE",IF(D85="","",IF(D85<=7,"NO PRAZO",IF(D85<=14,"ATENÇÃO","CRÍTICO"))))))))) -> ADMITIDO | F85: VIGILANCIA | G85: FREITAS | H85: =X85 -> ADMITIDO | I85: =IF(X85="ADMITIDO","ADMITIDO",IF(X85="CANCELADA","CANCELADA",IF(H85="","",IFERROR(_xlfn.XLOOKUP(H85,Listas!I:I,Listas!J:J),"OUTROS")))) -> ADMITIDO | J85: VIGILANTE | K85: EDISON NEMESIO CORDEIRO | L85: SP2 - FERISTA - SEGURANCA | N85: RESERVAS | O85: NOTURNO | P85: 12X36 | Q85: 12H - 19:00 - 07:00 C/ 1H INTERV | S85: RE: 83109 - DANILO | U85: ROSI | V85: 46127 | W85: Edcarlos de Souza dos Santos | X85: ADMITIDO | Y85: 46136 | Z85: 46139 | AA85: 83267 | AD85: 0
A86: 29738 | B86: 1 | C86: 46120 | D86: =TODAY()-C86 -> 107 | E86: =IF(X86="ADMITIDO","ADMITIDO",IF(X86="CANCELADA","CANCELADA",IF(H86="","",IF(H86="ADMITIDO","ADMITIDO",IF(H86="CANCELADA","CANCELADA",IF(OR(H86="ANALISE CANCELAMENTO",H86="ANÁLISE CANCELAMENTO"),"EM ANÁLISE",IF(D86="","",IF(D86<=7,"NO PRAZO",IF(D86<=14,"ATENÇÃO","CRÍTICO"))))))))) -> ADMITIDO | F86: FACILITIES | G86: FREITAS | H86: ADMITIDO | I86: =IF(X86="ADMITIDO","ADMITIDO",IF(X86="CANCELADA","CANCELADA",IF(H86="","",IFERROR(_xlfn.XLOOKUP(H86,Listas!I:I,Listas!J:J),"OUTROS")))) -> ADMITIDO | J86: AUXILIAR DE LIMPEZA | K86: KELLY ROBERTA FRATUCCI | L86: SP3 - RESERVA TECNICA - FACILITIES | N86: RESERVAS | O86: DIURNO | P86: 6X1 FOLGA DOM/FER | Q86: 09H - 07:00-16:00 C/INT SEG- SEX/04H SAB | U86: ROSI | V86: 46129 | W86: MARIA DO ROSARIO FERREIRA DA SILVA | X86: ADMITIDO | Y86: 46139 | Z86: 46140 | AA86: 145886 | AD86: 0
A87: 29740 | B87: 1 | C87: 46120 | D87: =TODAY()-C87 -> 107 | E87: =IF(X87="ADMITIDO","ADMITIDO",IF(X87="CANCELADA","CANCELADA",IF(H87="","",IF(H87="ADMITIDO","ADMITIDO",IF(H87="CANCELADA","CANCELADA",IF(OR(H87="ANALISE CANCELAMENTO",H87="ANÁLISE CANCELAMENTO"),"EM ANÁLISE",IF(D87="","",IF(D87<=7,"NO PRAZO",IF(D87<=14,"ATENÇÃO","CRÍTICO"))))))))) -> ADMITIDO | F87: SEGURANÇA | G87: FREITAS | H87: =X87 -> ADMITIDO | I87: =IF(X87="ADMITIDO","ADMITIDO",IF(X87="CANCELADA","CANCELADA",IF(H87="","",IFERROR(_xlfn.XLOOKUP(H87,Listas!I:I,Listas!J:J),"OUTROS")))) -> ADMITIDO | J87: VIGIA 9 | K87: EDISON NEMESIO CORDEIRO | L87: URBAN LIVING PACAEMBU | N87: SÃO PAULO | O87: NOTURNO | P87: 12X36 | Q87: 12H - 19:00 - 07:00 C/ 1H INTERV | U87: ROSI | V87: 46126 | W87: Victor Sant'anna Rodrigues | X87: ADMITIDO | Y87: 46134 | Z87: 46136 | AA87: 914142 | AD87: 0
A88: 29775 | B88: 1 | C88: 46121 | D88: =TODAY()-C88 -> 106 | E88: =IF(X88="ADMITIDO","ADMITIDO",IF(X88="CANCELADA","CANCELADA",IF(H88="","",IF(H88="ADMITIDO","ADMITIDO",IF(H88="CANCELADA","CANCELADA",IF(OR(H88="ANALISE CANCELAMENTO",H88="ANÁLISE CANCELAMENTO"),"EM ANÁLISE",IF(D88="","",IF(D88<=7,"NO PRAZO",IF(D88<=14,"ATENÇÃO","CRÍTICO"))))))))) -> ADMITIDO | F88: FACILITIES | G88: FREITAS | H88: ADMITIDO | I88: =IF(X88="ADMITIDO","ADMITIDO",IF(X88="CANCELADA","CANCELADA",IF(H88="","",IFERROR(_xlfn.XLOOKUP(H88,Listas!I:I,Listas!J:J),"OUTROS")))) -> ADMITIDO | J88: JARDINEIRO | K88: KELLY ROBERTA FRATUCCI | L88: ADP BRASIL - MATRIZ SP | N88: SÃO PAULO | O88: DIURNO | P88: 6X1 FOLGA DOM/FER | Q88: 08:20H - 05:00 - 14:20 C/ 1H INTERV | T88: 11963180042 | U88: ROSI | V88: 46136 | W88: Cristiano Matos da Silva | X88: ADMITIDO | Y88: 46117 | Z88: 46147 | AA88: 914209 | AD88: 0
A89: 29781 | B89: 1 | C89: 46121 | D89: =TODAY()-C89 -> 106 | E89: =IF(X89="ADMITIDO","ADMITIDO",IF(X89="CANCELADA","CANCELADA",IF(H89="","",IF(H89="ADMITIDO","ADMITIDO",IF(H89="CANCELADA","CANCELADA",IF(OR(H89="ANALISE CANCELAMENTO",H89="ANÁLISE CANCELAMENTO"),"EM ANÁLISE",IF(D89="","",IF(D89<=7,"NO PRAZO",IF(D89<=14,"ATENÇÃO","CRÍTICO"))))))))) -> ADMITIDO | F89: FACILITIES | G89: AMANDA | H89: =X89 -> ADMITIDO | I89: =IF(X89="ADMITIDO","ADMITIDO",IF(X89="CANCELADA","CANCELADA",IF(H89="","",IFERROR(_xlfn.XLOOKUP(H89,Listas!I:I,Listas!J:J),"OUTROS")))) -> ADMITIDO | J89: AUXILIAR DE LIMPEZA | K89: FLAVIA BATISTA DE LIMA | L89: ANAUGER | N89: ITUPEVA | O89: DIURNO | P89: 5X2 FOLGA SÁB/DOM/FER | Q89: 09:48H - 06:00 - 15:48 C/ 1H INTERV | R89: Vaga Feminina a/c Flávia 22.04 | S89: INDICAÇÃO SUPERVISORA FLÁVIA | T89: 11 97134-9989 | U89: RITA | V89: 46127 | W89: ELIEZER SOARES DE OLIVEIRA | X89: ADMITIDO | Y89: 46132 | Z89: 46134 | AA89: 145861 | AD89: 0
A90: 29784 | B90: 1 | C90: 46121 | D90: =TODAY()-C90 -> 106 | E90: =IF(X90="ADMITIDO","ADMITIDO",IF(X90="CANCELADA","CANCELADA",IF(H90="","",IF(H90="ADMITIDO","ADMITIDO",IF(H90="CANCELADA","CANCELADA",IF(OR(H90="ANALISE CANCELAMENTO",H90="ANÁLISE CANCELAMENTO"),"EM ANÁLISE",IF(D90="","",IF(D90<=7,"NO PRAZO",IF(D90<=14,"ATENÇÃO","CRÍTICO"))))))))) -> ADMITIDO | F90: FACILITIES | G90: ELONY | H90: =X90 -> ADMITIDO | I90: =IF(X90="ADMITIDO","ADMITIDO",IF(X90="CANCELADA","CANCELADA",IF(H90="","",IFERROR(_xlfn.XLOOKUP(H90,Listas!I:I,Listas!J:J),"OUTROS")))) -> ADMITIDO | J90: AUXILIAR DE LIMPEZA | K90: ROSELI BERNARDO | L90: CAMPINAS6 - RESERVA TECNICA - FACILITIES | N90: RESERVAS | O90: DIURNO | P90: 6X1 FOLGA DOM/FER | Q90: 09H - 07:00-16:00 C/INT SEG- SEX/04H SAB | R90: 2 DESISTENCIA, REALIZANDO TRIAGEM - 21/05 marcia costa de paulo declinou (não enviou os dados) - 22/05 duas reprovas entrevista (sem perfil) | T90: 19 98978 5424 | U90: ANA | V90: 46167 | W90: MAYARAA FERREIRA COSTA | X90: ADMITIDO | Z90: 46172 | AA90: 146033 | AD90: 0
A91: 29782 | B91: 1 | C91: 46121 | D91: =TODAY()-C91 -> 106 | E91: =IF(X91="ADMITIDO","ADMITIDO",IF(X91="CANCELADA","CANCELADA",IF(H91="","",IF(H91="ADMITIDO","ADMITIDO",IF(H91="CANCELADA","CANCELADA",IF(OR(H91="ANALISE CANCELAMENTO",H91="ANÁLISE CANCELAMENTO"),"EM ANÁLISE",IF(D91="","",IF(D91<=7,"NO PRAZO",IF(D91<=14,"ATENÇÃO","CRÍTICO"))))))))) -> ADMITIDO | F91: FACILITIES | G91: AMANDA | H91: =X91 -> ADMITIDO | I91: =IF(X91="ADMITIDO","ADMITIDO",IF(X91="CANCELADA","CANCELADA",IF(H91="","",IFERROR(_xlfn.XLOOKUP(H91,Listas!I:I,Listas!J:J),"OUTROS")))) -> ADMITIDO | J91: AUXILIAR DE SERVIÇOS GERAIS | K91: FLAVIA BATISTA DE LIMA | L91: EXSTO BRASIL | N91: ITUPEVA | O91: DIURNO | P91: 5X2 FOLGA SÁB/DOM/FER | Q91: 10H - 07:00-17:00 C/ INT SEG-QUI/09H SEX | U91: RITA | V91: 46153 | W91: LUIZ RICARDO MEIRA | X91: ADMITIDO | Y91: 46155 | Z91: 46160 | AA91: 145961 | AD91: 0
A92: 29764 | B92: 1 | C92: 46121 | D92: =TODAY()-C92 -> 106 | E92: =IF(X92="ADMITIDO","ADMITIDO",IF(X92="CANCELADA","CANCELADA",IF(H92="","",IF(H92="ADMITIDO","ADMITIDO",IF(H92="CANCELADA","CANCELADA",IF(OR(H92="ANALISE CANCELAMENTO",H92="ANÁLISE CANCELAMENTO"),"EM ANÁLISE",IF(D92="","",IF(D92<=7,"NO PRAZO",IF(D92<=14,"ATENÇÃO","CRÍTICO"))))))))) -> CANCELADA | F92: FACILITIES | G92: NATHALYA | H92: CANCELADA | I92: =IF(X92="ADMITIDO","ADMITIDO",IF(X92="CANCELADA","CANCELADA",IF(H92="","",IFERROR(_xlfn.XLOOKUP(H92,Listas!I:I,Listas!J:J),"OUTROS")))) -> CANCELADA | J92: AUXILIAR DE LIMPEZA | K92: MAIARA RODRIGUES DE ANDRADE COSTA | L92: FACILITIES7 - RESERVA TECNICA | N92: RESERVAS | O92: DIURNO | P92: 6X1 TROCA SÁB/DOM FOLGA FER | Q92: 09H - 07:00-16:00 C/INT SEG- SEX/04H S/D | R92: CANDIDATA SABRINA EM DVC 11/05 - CANDIDATA SABRINA APROVADA 11/05 - CANDIDATA SABRINA DESISTIU 13/05 | S92: WHATSAPP | T92: 11 94503-4291 | X92: CANCELADA | AB92: SABRINA EUZEBIO GONÇALVES - Exame reagendado 2x e por fim desistiu da vaga. | AD92: 0
A93: 29783 | B93: 1 | C93: 46121 | D93: =TODAY()-C93 -> 106 | E93: =IF(X93="ADMITIDO","ADMITIDO",IF(X93="CANCELADA","CANCELADA",IF(H93="","",IF(H93="ADMITIDO","ADMITIDO",IF(H93="CANCELADA","CANCELADA",IF(OR(H93="ANALISE CANCELAMENTO",H93="ANÁLISE CANCELAMENTO"),"EM ANÁLISE",IF(D93="","",IF(D93<=7,"NO PRAZO",IF(D93<=14,"ATENÇÃO","CRÍTICO"))))))))) -> ADMITIDO | F93: FACILITIES | G93: ELONY | H93: ADMITIDO | I93: =IF(X93="ADMITIDO","ADMITIDO",IF(X93="CANCELADA","CANCELADA",IF(H93="","",IFERROR(_xlfn.XLOOKUP(H93,Listas!I:I,Listas!J:J),"OUTROS")))) -> ADMITIDO | J93: JARDINEIRO 2 | K93: ROSELI BERNARDO | L93: HARIBO | N93: BAURU | O93: DIURNO | P93: 5X2 FOLGA SÁB/DOM/FER | Q93: 09:48H - 07:00 - 16:48 C/ INTERV | T93: 14 98825 5195 | U93: ANA | V93: 46135 | W93: HIGOR SOARES MARINHO | X93: ADMITIDO | Y93: 46150 | Z93: 46153 | AA93: 145424 | AD93: 0
A94: 29780 | B94: 1 | C94: 46121 | D94: =TODAY()-C94 -> 106 | E94: =IF(X94="ADMITIDO","ADMITIDO",IF(X94="CANCELADA","CANCELADA",IF(H94="","",IF(H94="ADMITIDO","ADMITIDO",IF(H94="CANCELADA","CANCELADA",IF(OR(H94="ANALISE CANCELAMENTO",H94="ANÁLISE CANCELAMENTO"),"EM ANÁLISE",IF(D94="","",IF(D94<=7,"NO PRAZO",IF(D94<=14,"ATENÇÃO","CRÍTICO"))))))))) -> ADMITIDO | F94: SEGURANÇA | G94: AMANDA | H94: =X94 -> ADMITIDO | I94: =IF(X94="ADMITIDO","ADMITIDO",IF(X94="CANCELADA","CANCELADA",IF(H94="","",IFERROR(_xlfn.XLOOKUP(H94,Listas!I:I,Listas!J:J),"OUTROS")))) -> ADMITIDO | J94: VIGIA 9 | K94: ELIZEU RODRIGUES DA SILVA FILHO | L94: INHANDJARA | N94: ITUPEVA | O94: DIURNO | P94: 12X36 | Q94: 12H - 06:00 - 18:00 C/ 1H INTERV | T94: 11 94111-9166 | U94: BEATRIZ | V94: 46135 | W94: LIVIA MARLENE PEIXOTO | X94: ADMITIDO | Y94: 46140 | Z94: 46141 | AA94: 914182 | AD94: 0
A95: 29769 | B95: 1 | C95: 46121 | D95: =TODAY()-C95 -> 106 | E95: =IF(X95="ADMITIDO","ADMITIDO",IF(X95="CANCELADA","CANCELADA",IF(H95="","",IF(H95="ADMITIDO","ADMITIDO",IF(H95="CANCELADA","CANCELADA",IF(OR(H95="ANALISE CANCELAMENTO",H95="ANÁLISE CANCELAMENTO"),"EM ANÁLISE",IF(D95="","",IF(D95<=7,"NO PRAZO",IF(D95<=14,"ATENÇÃO","CRÍTICO"))))))))) -> ADMITIDO | F95: SEGURANÇA | G95: ELONY | H95: =X95 -> ADMITIDO | I95: =IF(X95="ADMITIDO","ADMITIDO",IF(X95="CANCELADA","CANCELADA",IF(H95="","",IFERROR(_xlfn.XLOOKUP(H95,Listas!I:I,Listas!J:J),"OUTROS")))) -> ADMITIDO | J95: VIGIA 12 | K95: MARCELO RODRIGUES CARUNCHO CARNAVAL | L95: IRANI | N95: INDAIATUBA | O95: DIURNO | P95: 12X36 | Q95: 12H - 06:00 - 18:00 C/ 1H INTERV | U95: ANA | V95: 46134 | W95: MARIA JOSÉ NEVES DE AQUINO CASTRO | X95: ADMITIDO | Y95: 46142 | Z95: 46143 | AA95: 914204 | AD95: 0
A96: 29774 | B96: 1 | C96: 46121 | D96: =TODAY()-C96 -> 106 | E96: =IF(X96="ADMITIDO","ADMITIDO",IF(X96="CANCELADA","CANCELADA",IF(H96="","",IF(H96="ADMITIDO","ADMITIDO",IF(H96="CANCELADA","CANCELADA",IF(OR(H96="ANALISE CANCELAMENTO",H96="ANÁLISE CANCELAMENTO"),"EM ANÁLISE",IF(D96="","",IF(D96<=7,"NO PRAZO",IF(D96<=14,"ATENÇÃO","CRÍTICO"))))))))) -> ADMITIDO | F96: FACILITIES | G96: FREITAS | H96: =X96 -> ADMITIDO | I96: =IF(X96="ADMITIDO","ADMITIDO",IF(X96="CANCELADA","CANCELADA",IF(H96="","",IFERROR(_xlfn.XLOOKUP(H96,Listas!I:I,Listas!J:J),"OUTROS")))) -> ADMITIDO | J96: AUXILIAR DE SERVIÇOS GERAIS | K96: KELLY ROBERTA FRATUCCI | L96: KERRY BARUERI | N96: BARUERI | O96: DIURNO | P96: 6X1 FOLGA DOM/FER | Q96: 09H - 06:00-15:00 C/INT SEG- SEX/4H SAB | U96: ROSI | V96: 46126 | W96: Tarciso Jose da Silva | X96: ADMITIDO | Y96: 46134 | Z96: 46139 | AA96: 914143 | AD96: 0
A97: 29786 | B97: 1 | C97: 46121 | D97: =TODAY()-C97 -> 106 | E97: =IF(X97="ADMITIDO","ADMITIDO",IF(X97="CANCELADA","CANCELADA",IF(H97="","",IF(H97="ADMITIDO","ADMITIDO",IF(H97="CANCELADA","CANCELADA",IF(OR(H97="ANALISE CANCELAMENTO",H97="ANÁLISE CANCELAMENTO"),"EM ANÁLISE",IF(D97="","",IF(D97<=7,"NO PRAZO",IF(D97<=14,"ATENÇÃO","CRÍTICO"))))))))) -> ADMITIDO | F97: FACILITIES | G97: ELONY | H97: =X97 -> ADMITIDO | I97: =IF(X97="ADMITIDO","ADMITIDO",IF(X97="CANCELADA","CANCELADA",IF(H97="","",IFERROR(_xlfn.XLOOKUP(H97,Listas!I:I,Listas!J:J),"OUTROS")))) -> ADMITIDO | J97: AUXILIAR DE SERVIÇOS GERAIS | K97: ELIANA MARIA MOREIRA BRANSANI | L97: MENZOIL | N97: LOUVEIRA | O97: DIURNO | P97: 5X2 FOLGA SÁB/DOM/FER | Q97: 09:48H - 06:00 - 15:48 C/ 1H INTERV | T97: 19 99310-7608 | U97: ANA | V97: 46127 | W97: DANILO SUSSANT XAVIER | X97: ADMITIDO | Y97: 46132 | Z97: 46134 | AA97: 145864 | AD97: 0
A98: 29772 | B98: 1 | C98: 46121 | D98: =TODAY()-C98 -> 106 | E98: =IF(X98="ADMITIDO","ADMITIDO",IF(X98="CANCELADA","CANCELADA",IF(H98="","",IF(H98="ADMITIDO","ADMITIDO",IF(H98="CANCELADA","CANCELADA",IF(OR(H98="ANALISE CANCELAMENTO",H98="ANÁLISE CANCELAMENTO"),"EM ANÁLISE",IF(D98="","",IF(D98<=7,"NO PRAZO",IF(D98<=14,"ATENÇÃO","CRÍTICO"))))))))) -> ADMITIDO | F98: ADM | G98: ANDREIA | H98: =X98 -> ADMITIDO | I98: =IF(X98="ADMITIDO","ADMITIDO",IF(X98="CANCELADA","CANCELADA",IF(H98="","",IFERROR(_xlfn.XLOOKUP(H98,Listas!I:I,Listas!J:J),"OUTROS")))) -> ADMITIDO | J98: ANALISTA DE RH JUNIOR | K98: RENATO CASELLA | L98: RECRUTAMENTO E SELEÇÃO DE PESSOAL JDI | N98: ADM | O98: DIURNO | P98: 5X2 FOLGA SÁB/DOM/FER | Q98: 10H-08:00-18:00 C/ INT SEG-QUI/09H SEX | T98: 13 99169-7044 | U98: BEATRIZ | V98: 46135 | W98: ANA LUIZA DE JESUS CONCEIÇÃO | X98: ADMITIDO | Y98: 46139 | Z98: 46139 | AA98: 145888 | AD98: 0
A99: 29773 | B99: 1 | C99: 46121 | D99: =TODAY()-C99 -> 106 | E99: =IF(X99="ADMITIDO","ADMITIDO",IF(X99="CANCELADA","CANCELADA",IF(H99="","",IF(H99="ADMITIDO","ADMITIDO",IF(H99="CANCELADA","CANCELADA",IF(OR(H99="ANALISE CANCELAMENTO",H99="ANÁLISE CANCELAMENTO"),"EM ANÁLISE",IF(D99="","",IF(D99<=7,"NO PRAZO",IF(D99<=14,"ATENÇÃO","CRÍTICO"))))))))) -> ADMITIDO | F99: ADM | G99: ANDREIA | H99: =X99 -> ADMITIDO | I99: =IF(X99="ADMITIDO","ADMITIDO",IF(X99="CANCELADA","CANCELADA",IF(H99="","",IFERROR(_xlfn.XLOOKUP(H99,Listas!I:I,Listas!J:J),"OUTROS")))) -> ADMITIDO | J99: AUXILIAR DE RH 2 | K99: RENATO CASELLA | L99: RECRUTAMENTO E SELEÇÃO DE PESSOAL JDI | N99: ADM | O99: DIURNO | P99: 5X2 FOLGA SÁB/DOM/FER | Q99: 10H-08:00-18:00 C/ INT SEG-QUI/09H SEX | R99: ENTREGUE PARA DOC 17/04 | S99: FACEBOOK | T99: 11 96419-4651 | U99: BEATRIZ | V99: 46135 | W99: LUANA BARBOSA DE PINHO | X99: ADMITIDO | Y99: 46139 | Z99: 46139 | AA99: 145887 | AD99: 0
A100: 29777 | B100: 1 | C100: 46121 | D100: =TODAY()-C100 -> 106 | E100: =IF(X100="ADMITIDO","ADMITIDO",IF(X100="CANCELADA","CANCELADA",IF(H100="","",IF(H100="ADMITIDO","ADMITIDO",IF(H100="CANCELADA","CANCELADA",IF(OR(H100="ANALISE CANCELAMENTO",H100="ANÁLISE CANCELAMENTO"),"EM ANÁLISE",IF(D100="","",IF(D100<=7,"NO PRAZO",IF(D100<=14,"ATENÇÃO","CRÍTICO"))))))))) -> ADMITIDO | F100: SEGURANÇA | G100: AMANDA | H100: =X100 -> ADMITIDO | I100: =IF(X100="ADMITIDO","ADMITIDO",IF(X100="CANCELADA","CANCELADA",IF(H100="","",IFERROR(_xlfn.XLOOKUP(H100,Listas!I:I,Listas!J:J),"OUTROS")))) -> ADMITIDO | J100: RECEPCIONISTA 7 | K100: ELIZEU RODRIGUES DA SILVA FILHO | L100: SANCHEZ - PROLOGIS | N100: JUNDIAÍ | O100: DIURNO | P100: 5X2 FOLGA SÁB/DOM/FER | Q100: 10H 08:00 AS 18:00 SEG-QUI 09H SEX | T100: 11 93410-3481 | U100: BEATRIZ | W100: REGILVANA GOMES DA SILVA | X100: ADMITIDO | Y100: 46132 | Z100: 46134 | AA100: 914151 | AD100: 0
...

Sheet BI
A1: LOCAL | B1: Vagas | C1: Dias Aberto | D1: CARGO | E1: Cód | F1: Turno | G1: SUPERVISÃO | H1: Escala | I1: Jornada | J1: SERVIÇO | K1: Cidade | L1: DTAPROVACAO | M1: SELECIONADOR
A2: BRICKLOG GUARULHOS | B2: 1 | C2: 92 | D2: AUXILIAR DE LIMPEZA | E2: 31148 | F2: NOTURNO | G2: KELLY ROBERTA FRATUCCI | H2: 12X36 | I2: 12H - 18:00 - 06:00 C/ 1H INTERV | J2: FACILITIES | K2: GUARULHOS | L2: 13/07/2026 | M2: FREITAS | N2: DESISTENCIA DA VAGA
A3: K E G (FAREVA) | B3: 1 | C3: 84 | D3: AUXILIAR DE SERVIÇOS GERAIS | E3: 30134 | F3: DIURNO | G3: GISLENE BESSA DOS SANTOS LOPES | H3: 6X1 FOLGA DOM/FER | I3: 09:48H - 06:00 - 15:48 C/ 1H INTERV | J3: FACILITIES | K3: LOUVEIRA | L3: 30/04/2026 | M3: ELONI | N3: SUBSTITUIÇÃO
A4: KERRY COTIA | B4: 1 | C4: 80 | D4: AUXILIAR DE LIMPEZA | E4: 30157 | F4: DIURNO | G4: MARICLEIA CARDOSO SOARES | H4: 12X36 | I4: 12H - 06:00 - 18:00 C/ 1H INTERV | J4: FACILITIES | K4: COTIA | L4: 46117 | M4: FREITAS | N4: REMANEJAMENTO
A5: FACILITIES3 - RESERVA TECNICA | B5: 1 | C5: 72 | D5: AUXILIAR DE LIMPEZA | E5: 30299 | F5: DIURNO | G5: CRISTIANE APARECIDA VIANA DA SILVA | H5: 6X1 TROCA SÁB/DOM FOLGA FER | I5: 09H - 07:00-16:00 C/INT SEG- SEX/04H S/D | J5: FACILITIES | K5: RESERVAS | L5: 46361 | M5: ANDREIA | N5: RESERVA TECNICA
A6: PROMAX BARDAHL | B6: 1 | C6: 71 | D6: AUXILIAR DE SERVIÇOS GERAIS | E6: 30324 | F6: DIURNO | G6: KELLY ROBERTA FRATUCCI | H6: 5X2 FOLGA SÁB/DOM/FER | I6: 09:48H - 06:00 - 15:48 C/ 1H INTERV | J6: FACILITIES | K6: CAJAMAR | L6: 13/05/2026 | M6: FREITAS | N6: SUBSTITUIÇÃO
A7: LABORATORIO CTD - M CASSAB JARINU | B7: 1 | C7: 58 | D7: AUXILIAR DE LIMPEZA | E7: 30487 | F7: DIURNO | G7: CRISTIANE APARECIDA VIANA DA SILVA | H7: 5X2 FOLGA SÁB/DOM/FER | I7: 09:48H - 06:00 - 15:48 C/ 1H INTERV | J7: FACILITIES | K7: JARINU | L7: 26/05/2026 | M7: ANDREIA | N7: VIRA PEDIR DEMISSÃO
A8: FAREVA | B8: 1 | C8: 57 | D8: AUXILIAR DE LIMPEZA | E8: 30499 | F8: DIURNO | G8: FLAVIA BATISTA DE LIMA | H8: 6X1 FOLGA DOM/FER | I8: 08:20H - 05:00 - 14:20 C/ 1H INTERV | J8: FACILITIES | K8: ITUPEVA | L8: 27/05/2026 | M8: AMANDA | N8: VIRA PEDIR DEMISSÃO
A9: PREDIO IMBUIA - M CASSAB JARINU | B9: 1 | C9: 56 | D9: AUXILIAR DE SERVIÇOS GERAIS | E9: 30512 | F9: DIURNO | G9: CRISTIANE APARECIDA VIANA DA SILVA | H9: 5X2 FOLGA SÁB/DOM/FER | I9: 09:48H - 08:00 - 17:48 C/INT - 08:48 SEX | J9: FACILITIES | K9: JARINU | L9: 28/05/2026 | M9: ANDREIA | N9: VIRA PEDIR DEMISSÃO
A10: CAEP | B10: 1 | C10: 55 | D10: AUXILIAR DE SERVIÇOS GERAIS | E10: 30533 | F10: DIURNO | G10: GISLENE BESSA DOS SANTOS LOPES | H10: 6X1 FOLGA DOM/FER | I10: 08:20H - 07:30 - 15:50 C/ INT | J10: FACILITIES | K10: CAMPINAS | L10: 29/05/2026 | M10: ELONI | N10: SUBSTITUIÇÃO
A11: FAREVA | B11: 1 | C11: 55 | D11: AUXILIAR DE LIMPEZA | E11: 30524 | F11: DIURNO | G11: FLAVIA BATISTA DE LIMA | H11: 6X1 FOLGA DOM/FER | I11: 08:20H - 06:00 - 14:20 C/ 1H INTERV* | J11: FACILITIES | K11: ITUPEVA | L11: 29/05/2026 | M11: AMANDA | N11: RESERVA TECNICA
A12: FACILITIES7 - RESERVA TECNICA | B12: 1 | C12: 50 | D12: AUXILIAR DE LIMPEZA | E12: 30581 | F12: DIURNO | G12: MAIARA RODRIGUES DE ANDRADE COSTA | H12: 6X1 TROCA SÁB/DOM FOLGA FER | I12: 09H - 07:00-16:00 C/INT SEG- SEX/04H S/D | J12: FACILITIES | K12: RESERVAS | L12: 46087 | M12: NATHALYA | N12: SUBSTITUIÇÃO
A13: PREDIO YPE - M CASSAB JARINU | B13: 1 | C13: 45 | D13: AUXILIAR DE LIMPEZA | E13: 30641 | F13: DIURNO | G13: CRISTIANE APARECIDA VIANA DA SILVA | H13: 5X2 FOLGA SÁB/DOM/FER | I13: 09:48H - 08:00 - 17:48 C/INT - 08:48 SEX | J13: FACILITIES | K13: JARINU | L13: 46240 | M13: ANDREIA | N13: VIRA PEDIR DEMISSÃO
A14: ROCA | B14: 1 | C14: 45 | D14: AUXILIAR DE SERVIÇOS GERAIS | E14: 30651 | F14: DIURNO | G14: CRISTIANE APARECIDA VIANA DA SILVA | H14: 6X1 TROCA SAB FOL DOM/FER | I14: 09H - 06:00 - 15:00 C/ 1H INTERV | J14: FACILITIES | K14: JUNDIAÍ | L14: 46240 | M14: ANDREIA | N14: DEMISSÃO NA EXPERIENCIA
A15: SEGURANÇA E MEDICINA DO TRABALHO | B15: 1 | C15: 45 | D15: TECNICO ENFERMAGEM DO TRABALHO | E15: 30638 | F15: DIURNO | G15: CAMILA SPADONE | H15: 5X2 FOLGA SÁB/DOM/FER | I15: 10H-08:00-18:00 C/ INT SEG-QUI/09H SEX | J15: ADM | K15: ADM | L15: 46240 | M15: KAREN | N15: SUBSTITUIÇÃO
A16: BRICKLOG GUARULHOS | B16: 1 | C16: 44 | D16: AUXILIAR DE LIMPEZA | E16: 30670 | F16: NOTURNO | G16: KELLY ROBERTA FRATUCCI | H16: 12X36 | I16: 12H - 18:00 - 06:00 C/ 1H INTERV | J16: FACILITIES | K16: GUARULHOS | L16: 46271 | M16: FREITAS | N16: DEMISSÃO NA EXPERIENCIA
A17: DOCE LAR BELLA COLONIA | B17: 1 | C17: 44 | D17: AUXILIAR DE LIMPEZA | E17: 30671 | F17: DIURNO | G17: CRISTIANE APARECIDA VIANA DA SILVA | H17: 6X1 TROCA SÁB/DOM | I17: 09H -07:00-16:00 C/INT SEG- SEX/04H SDF* | J17: FACILITIES | K17: JUNDIAÍ | L17: 46271 | M17: ANDREIA | N17: VIRA PEDIR DEMISSÃO
A18: NEO PARTS | B18: 1 | C18: 43 | D18: AUXILIAR DE SERVIÇOS GERAIS | E18: 30708 | F18: DIURNO | G18: MARICLEIA CARDOSO SOARES | H18: 6X1 TROCA SAB FOL DOM/FER | I18: 08:20H - 13:40 - 22:00 C/ 1H INTERV | J18: FACILITIES | K18: TATUÍ | L18: 46301 | M18: FREITAS | N18: PEDIDO DE DEMISSÃO
A19: FACULDADE SAO LEOPOLDO MANDIC - MATRIZ | B19: 1 | C19: 42 | D19: AUXILIAR DE LIMPEZA | E19: 31237 | F19: DIURNO | G19: ELIANA MARIA MOREIRA BRANSANI | H19: 6X1 FOLGA DOM/FER | I19: 08:20H - 13:40 - 22:00 C/ 1H INTERV | J19: FACILITIES | K19: CAMPINAS | L19: 16/07/2026 | M19: ELONI | N19: DESISTENCIA DA VAGA
A20: FITESA NAO TECIDOS S/A | B20: 1 | C20: 42 | D20: OPERADOR DE EMPILHADEIRA 8 | E20: 30731 | F20: NOTURNO | G20: ELIANA MARIA MOREIRA BRANSANI | H20: 3X3 TRABALHA FERIADO | I20: 12H - 18:00 - 06:00 C/ 1H INTERV | J20: FACILITIES | K20: COSMÓPOLIS | L20: 46332 | M20: ELONI | N20: PEDIDO DE DEMISSÃO
A21: M CASSAB - JARINU | B21: 1 | C21: 42 | D21: AUXILIAR DE LIMPEZA | E21: 30728 | F21: DIURNO | G21: CRISTIANE APARECIDA VIANA DA SILVA | H21: 5X2 FOLGA SÁB/DOM/FER | I21: 09:48H - 06:00 - 15:48 C/ 1H INTERV | J21: FACILITIES | K21: JARINU | L21: 46332 | M21: ANDREIA | N21: RESERVA TECNICA
A22: CAMPINAS4 - FERISTA - SEGURANCA | B22: 1 | C22: 41 | D22: VIGIA 9 | E22: 30762 | F22: NOTURNO | G22: ADEMIR DA SILVA VITOR | H22: 12X36 | I22: 12H - 18:00 - 06:00 C/ 1H INTERV | J22: SEGURANÇA | K22: RESERVAS | L22: 46362 | N22: COBERTURA DE FÉRIAS
A23: FULWOOD D.PEDRO BUSINESS PARK - ATIBAIA | B23: 1 | C23: 41 | D23: VIGILANTE CONDUTOR | E23: 30735 | F23: DIURNO | G23: SANDRO APARECIDO FABIANO | H23: 12X36 | I23: 12H - 06:00 - 18:00 C/ 1H INTERV | J23: VIGILANCIA | K23: ATIBAIA | L23: 46362 | M23: ANDREIA | N23: SUBSTITUIÇÃO
A24: JARDIM DOS LAGOS | B24: 1 | C24: 41 | D24: VIGIA CONDUTOR | E24: 30752 | F24: DIURNO | G24: MARCELO RODRIGUES CARUNCHO CARNAVAL | H24: 12X36 | I24: 12H - 06:00 - 18:00 C/ 1H INTERV | J24: SEGURANÇA | K24: INDAIATUBA | L24: 46362 | N24: PEDIDO DE DEMISSÃO
A25: CASAS DA TOSCANA | B25: 1 | C25: 38 | D25: VIGILANTE | E25: 30780 | F25: DIURNO | G25: EMERSON AMORIM MACEDO | H25: 12X36 | I25: 12H - 06:00 - 18:00 C/ 1H INTERV | J25: VIGILANCIA | K25: JUNDIAÍ | L25: 16/06/2026 | M25: NATHALYA | N25: RESERVA TECNICA
A26: FACILITIES5 - RESERVA TECNICA | B26: 1 | C26: 38 | D26: AUXILIAR DE LIMPEZA | E26: 30755 | F26: DIURNO | G26: THAIS ALVES DE SOUZA | H26: 6X1 FOLGA DOM/FER | I26: 09H - 07:00-16:00 C/INT SEG- SEX/04H SAB | J26: FACILITIES | K26: RESERVAS | L26: 15/06/2026 | M26: GIOVANNA | N26: SUBSTITUIÇÃO
A27: FITESA NAO TECIDOS S/A | B27: 1 | C27: 38 | D27: OPERADOR DE EMPILHADEIRA 8 | E27: 30734 | F27: NOTURNO | G27: ELIANA MARIA MOREIRA BRANSANI | H27: 3X3 TRABALHA FERIADO | I27: 12H - 18:00 - 06:00 C/ 1H INTERV | J27: FACILITIES | K27: COSMÓPOLIS | L27: 15/06/2026 | M27: ELONI | N27: SUBSTITUIÇÃO
A28: GEODIS LOGISTICA | B28: 1 | C28: 38 | D28: AUXILIAR DE SERVIÇOS GERAIS | E28: 30771 | F28: DIURNO | G28: FLAVIA BATISTA DE LIMA | H28: 6X1 FOLGA DOM/FER | I28: 09H:06:00-15:00 C/INTSEG- SEX/4H SAB. | J28: FACILITIES | K28: JUNDIAÍ | L28: 15/06/2026 | M28: AMANDA | N28: VIRA PEDIR DEMISSÃO
A29: VALGROUP (MIRVI) | B29: 1 | C29: 38 | D29: AUXILIAR DE LIMPEZA | E29: 30743 | F29: DIURNO | G29: FLAVIA BATISTA DE LIMA | H29: 12X36 | I29: 12H - 07:00 - 19:00 C/ 1H INTERV | J29: FACILITIES | K29: CABREÚVA | L29: 15/06/2026 | M29: AMANDA | N29: RESERVA TECNICA
A30: CAMPINAS3 - RESERVA TECNICA - SEGURANCA | B30: 1 | C30: 37 | D30: VIGIA 6 | E30: 30792 | F30: DIURNO | G30: MARCELO RODRIGUES CARUNCHO CARNAVAL | H30: 12X36 | I30: 12H - 06:00 - 18:00 C/ 1H INTERV | J30: SEGURANÇA | K30: RESERVAS | L30: 16/06/2026 | N30: RESERVA TECNICA
A31: KERRY | B31: 1 | C31: 35 | D31: AUXILIAR DE SERVIÇOS GERAIS | E31: 30826 | F31: DIURNO | G31: GISLENE BESSA DOS SANTOS LOPES | H31: 6X1 FOLGA DOM/FER | I31: 08:20H - 13:40 - 22:00 C/ 1H INTERV | J31: FACILITIES | K31: CAMPINAS | L31: 18/06/2026 | M31: ELONI | N31: DEMISSÃO NA EXPERIENCIA
A32: MYRIAD | B32: 1 | C32: 35 | D32: AUXILIAR DE LIMPEZA | E32: 30811 | F32: DIURNO | G32: MAIARA RODRIGUES DE ANDRADE COSTA | H32: 6X1 TROCA SÁB/DOM FOLGA FER | I32: 09H - 07:00-16:00 C/INT SEG- SEX/04H S/D | J32: FACILITIES | K32: JUNDIAÍ | L32: 18/06/2026 | M32: NATHALYA | N32: DEMISSÃO NA EXPERIENCIA
A33: MYRIAD | B33: 1 | C33: 35 | D33: AUXILIAR DE LIMPEZA | E33: 30812 | F33: DIURNO | G33: MAIARA RODRIGUES DE ANDRADE COSTA | H33: 6X1 TROCA SÁB/DOM | I33: 09H - 07:00-16:00 C/INT SEG- SEX/04H S/D | J33: FACILITIES | K33: JUNDIAÍ | L33: 18/06/2026 | M33: NATHALYA | N33: SUBSTITUIÇÃO
A34: RESORT SANTA ANGELA | B34: 1 | C34: 35 | D34: AUXILIAR DE LIMPEZA | E34: 30809 | F34: DIURNO | G34: MAIARA RODRIGUES DE ANDRADE COSTA | H34: 6X1 TROCA SÁB/DOM | I34: 09H - 07:00-16:00 C/INT SEG- SEX/04H S/D | J34: FACILITIES | K34: JUNDIAÍ | L34: 18/06/2026 | M34: NATHALYA | N34: SUBSTITUIÇÃO
A35: ROSSI ANTILHAS | B35: 1 | C35: 35 | D35: VIGIA | E35: 30818 | F35: DIURNO | G35: LUCIANO MARQUES DA SILVA | H35: 12X36 | I35: 12H - 07:00 - 19:00 C/ 1H INTERV | J35: SEGURANÇA | K35: CAMPINAS | L35: 18/06/2026 | N35: SUBSTITUIÇÃO
A36: SUPERVISOR3 - RESERVA TECNICA - SEGURANCA | B36: 1 | C36: 35 | D36: VIGILANTE | E36: 30824 | F36: DIURNO | G36: SANDRO APARECIDO FABIANO | H36: 12X36 | I36: 12H - 06:00 - 18:00 C/ 1H INTERV | J36: VIGILANCIA | K36: RESERVAS | L36: 18/06/2026 | M36: ANDREIA | N36: PEDIDO DE DEMISSÃO
A37: M CASSAB - JARINU | B37: 1 | C37: 34 | D37: AUXILIAR DE LIMPEZA | E37: 30833 | F37: DIURNO | G37: CRISTIANE APARECIDA VIANA DA SILVA | H37: 5X2 FOLGA SÁB/DOM/FER | I37: 09:48H - 08:00 - 17:48 C/ 1H INTERV | J37: FACILITIES | K37: JARINU | L37: 19/06/2026 | M37: ANDREIA | N37: DEMISSÃO NA EXPERIENCIA
A38: ANAUGER | B38: 1 | C38: 31 | D38: AUXILIAR DE LIMPEZA | E38: 30862 | F38: DIURNO | G38: FLAVIA BATISTA DE LIMA | H38: 5X2 FOLGA SÁB/DOM/FER | I38: 09:48H - 06:00 - 15:48 C/ 1H INTERV | J38: FACILITIES | K38: ITUPEVA | L38: 22/06/2026 | M38: AMANDA | N38: VIRA PEDIR DEMISSÃO
A39: CAEP | B39: 1 | C39: 31 | D39: AUXILIAR DE LIMPEZA 23 | E39: 30867 | F39: DIURNO | G39: GISLENE BESSA DOS SANTOS LOPES | H39: 5X2 FOLGA SÁB/DOM/FER | I39: 09:48H - 07:00 - 16:48 C/ 1H INTERV | J39: FACILITIES | K39: CAMPINAS | L39: 22/06/2026 | M39: ELONI | N39: AUMENTO DE EFETIVO
A40: DPA PRODUTOS AUTOMOBILISTICOS LTDA | B40: 1 | C40: 31 | D40: AUXILIAR DE LIMPEZA | E40: 30860 | F40: DIURNO | G40: FLAVIA BATISTA DE LIMA | H40: 5X2 FOLGA SÁB/DOM/FER | I40: 09:48H - 06:00 - 15:48 C/ 1H INTERV | J40: FACILITIES | K40: ITUPEVA | L40: 22/06/2026 | M40: AMANDA | N40: VIRA PEDIR DEMISSÃO
A41: DPA PRODUTOS AUTOMOBILISTICOS LTDA | B41: 1 | C41: 31 | D41: AUXILIAR DE LIMPEZA | E41: 30861 | F41: DIURNO | G41: FLAVIA BATISTA DE LIMA | H41: 5X2 FOLGA SÁB/DOM/FER | I41: 09:48H - 06:00 - 15:48 C/ 1H INTERV | J41: FACILITIES | K41: ITUPEVA | L41: 22/06/2026 | M41: AMANDA | N41: VIRA PEDIR DEMISSÃO
A42: APEX | B42: 1 | C42: 30 | D42: SUPERVISOR DE LIMPEZA 6 | E42: 30879 | F42: DIURNO | G42: MARICLEIA CARDOSO SOARES | H42: 5X2 FOLGA SÁB/DOM/FER | I42: 09:48H - 06:00 - 15:48 C/ INT | J42: FACILITIES | K42: SOROCABA | L42: 23/06/2026 | M42: FREITAS | N42: DEMISSÃO SEM JUSTA CAUSA
A43: ATMOSPHERA | B43: 1 | C43: 30 | D43: AUXILIAR DE LIMPEZA | E43: 30871 | F43: DIURNO | G43: MIGUEL GIOSA PIVA | H43: 6X1 TROCA SÁB/DOM | I43: 09H - 08:00-17:00 C/INT SEG- SEX/04H SD | J43: FACILITIES | K43: JUNDIAÍ | L43: 23/06/2026 | M43: GIOVANNA | N43: DESISTENCIA DA VAGA
A44: FULWOOD CASTELO 57 BUSINESS PARK | B44: 1 | C44: 30 | D44: VIGILANTE CONDUTOR | E44: 30869 | F44: NOTURNO | G44: MARCOS DE MENEZES SANTOS | H44: 12X36 | I44: 12H - 18:00 - 06:00 C/ 1H INTERV | J44: VIGILANCIA | K44: SÃO ROQUE | L44: 23/06/2026 | M44: FREITAS | N44: SUBSTITUIÇÃO
A45: GEODIS LOGISTICA | B45: 1 | C45: 30 | D45: AUXILIAR DE SERVIÇOS GERAIS | E45: 30877 | F45: DIURNO | G45: FLAVIA BATISTA DE LIMA | H45: 6X1 FOLGA DOM/FER | I45: 09H:06:00-15:00 C/INTSEG- SEX/4H SAB. | J45: FACILITIES | K45: JUNDIAÍ | L45: 23/06/2026 | M45: AMANDA | N45: VIRA PEDIR DEMISSÃO
A46: MORADA DA SERRA | B46: 1 | C46: 30 | D46: AUXILIAR DE LIMPEZA | E46: 30870 | F46: DIURNO | G46: MIGUEL GIOSA PIVA | H46: 6X1 TROCA SÁB/DOM FOLGA FER | I46: 09H - 08:00-17:00 C/INT SEG- SEX/04H SD | J46: FACILITIES | K46: JUNDIAÍ | L46: 23/06/2026 | M46: GIOVANNA | N46: SUBSTITUIÇÃO
A47: ROCA | B47: 1 | C47: 30 | D47: AUXILIAR DE LIMPEZA | E47: 30880 | F47: DIURNO | G47: CRISTIANE APARECIDA VIANA DA SILVA | H47: 6X1 TROCA SAB FOL DOM/FER | I47: 09H - 06:00 - 15:00 C/ 1H INTERV | J47: FACILITIES | K47: JUNDIAÍ | L47: 23/06/2026 | M47: ANDREIA | N47: VIRA PEDIR DEMISSÃO
... A53: THE ONE OFFICE | B53: 1 | C53: 28 | D53: AUXILIAR DE LIMPEZA | E53: 30923 | F53: DIURNO | G53: MAIARA RODRIGUES DE ANDRADE COSTA | H53: 6X1 FOLGA DOM/FER | I53: 09H - 12:00-21:00 C/ INT SEG-SEX/04H SAB | J53: FACILITIES | K53: JUNDIAÍ | L53: 25/06/2026 | M53: NATHALYA | N53: DEMISSÃO NA EXPERIENCIA
A54: CAMPINAS3 - RESERVA TECNICA - SEGURANCA | B54: 1 | C54: 27 | D54: VIGIA 6 | E54: 30931 | F54: DIURNO | G54: MARCELO RODRIGUES CARUNCHO CARNAVAL | H54: 12X36 | I54: 12H - 06:00 - 18:00 C/ 1H INTERV | J54: SEGURANÇA | K54: RESERVAS | L54: 26/06/2026 | N54: PEDIDO DE DEMISSÃO
